snapshot_id,timestamp,cmc_id,name,symbol,slug,cmc_rank,price,percent_change_1h,percent_change_24h,percent_change_7d,percent_change_30d,percent_change_60d,percent_change_90d,volume_24h,volume_change_24h,market_cap,market_cap_dominance,volume_rank_top100,loser_rank_top100,gainer_rank_top100,is_top100
20260930_023233,2026-09-30T02:32:33.262524+00:00,1,Bitcoin,BTC,bitcoin,1,83387.71476450993,-0.00320575,0.54141566,-3.65830646,7.04469783,32.35366838,38.66713959,26703975953.614433,-33.8756,1675334989051.7253,58.6018,2,37,64,1
20260930_023233,2026-09-30T02:32:33.262524+00:00,1027,Ethereum,ETH,ethereum,2,2667.8439978163456,-0.12670713,0.50153244,-3.27648593,10.34432527,42.88742378,64.99565484,14792122527.776995,-4.448,325724919153.1046,11.3936,4,36,65,1
20260930_023233,2026-09-30T02:32:33.262524+00:00,825,Tether USDt,USDT,tether,3,0.9995474115552921,0.00931629,-0.00939616,-0.02898861,-0.03573245,0.06524687,0.06207191,71699120563.13591,-19.8602,183787366311.47458,6.4287,1,23,78,1
20260930_023233,2026-09-30T02:32:33.262524+00:00,1839,BNB,BNB,bnb,4,760.9755843226625,0.08288106,0.7889134,-3.77992689,11.11286257,29.01051652,38.42851752,1507810560.0284917,-9.8074,101331152131.53961,3.5445,7,39,62,1
20260930_023233,2026-09-30T02:32:33.262524+00:00,52,XRP,XRP,xrp,5,1.4984569034671456,0.04767592,1.85745034,-5.6581917,10.84044077,40.6754032,41.75991302,4482039386.4850645,-6.9478,94542105374.06255,3.307,5,55,46,1
20260930_023233,2026-09-30T02:32:33.262524+00:00,3408,USDC,USDC,usd-coin,6,1.0000170942198554,-0.0009777,-0.00557477,0.00963434,-0.00353546,0.02275999,0.01692195,15822130153.962254,-18.2,74427737879.06462,2.6034,3,25,76,1
20260930_023233,2026-09-30T02:32:33.262524+00:00,5426,Solana,SOL,solana,7,119.46749263081963,0.07756577,2.45862259,0.90286036,17.04791589,63.51909779,52.97354359,3366324871.7328835,-11.8035,70239110648.32352,2.4569,6,62,39,1
20260930_023233,2026-09-30T02:32:33.262524+00:00,1958,TRON,TRX,tron,8,0.3349576565703285,0.15703462,0.09974167,-2.65385375,-0.34560618,2.49728895,5.92155181,356005144.69429976,-16.9555,31812695768.99415,1.1128,27,32,69,1
20260930_023233,2026-09-30T02:32:33.262524+00:00,1437,Zcash,ZEC,zcash,9,1414.6102561120147,-0.58272799,2.73272529,-12.25162592,70.74271952,207.40780185,239.40356865,1327486770.6294384,-15.1206,23897543891.44306,0.8359,9,64,37,1
20260930_023233,2026-09-30T02:32:33.262524+00:00,32196,Hyperliquid,HYPE,hyperliquid,10,86.2362672584413,-0.0880724,0.15785689,-11.01379504,6.6634101,64.24219143,37.20060227,617568821.1923834,-27.629,21652934371.699726,0.7574,19,33,68,1
20260930_023233,2026-09-30T02:32:33.262524+00:00,74,Dogecoin,DOGE,dogecoin,11,0.09386007464620783,-0.28489399,1.87786866,-7.69088944,14.29555851,33.77650255,29.69051575,909281458.5550232,-32.9028,16128551343.575674,0.5642,12,57,44,1
20260930_023233,2026-09-30T02:32:33.262524+00:00,1975,Chainlink,LINK,chainlink,12,14.408357343413057,-0.39525022,-4.29646779,10.75040706,28.98413755,74.98171237,94.81367648,704789926.8000841,-46.6717,10778891702.478468,0.377,18,5,96,1
20260930_023233,2026-09-30T02:32:33.262524+00:00,328,Monero,XMR,monero,13,542.3514316263775,0.06734715,1.64983987,-4.16840604,8.53172161,49.32040709,75.36970016,105610403.45784654,-18.2093,10202311228.255035,0.3569,56,53,48,1
20260930_023233,2026-09-30T02:32:33.262524+00:00,2010,Cardano,ADA,cardano,14,0.24493121844707522,-0.2505127,1.87551635,-3.59078224,26.6271004,44.08065397,58.78141561,559154097.1838404,-22.8731,9007696789.297112,0.3151,20,56,45,1
20260930_023233,2026-09-30T02:32:33.262524+00:00,3957,UNUS SED LEO,LEO,unus-sed-leo,15,9.029223681662456,0.00408659,0.17407807,0.38200062,-6.08773374,-7.48159563,-2.35010166,709929.1392857,33.5114,8305602300.138637,0.2905,100,34,67,1
20260930_023233,2026-09-30T02:32:33.262524+00:00,512,Stellar,XLM,stellar,16,0.22156817194249348,-0.51585935,-1.27598496,1.78657828,26.45829414,28.17871174,11.96820275,448116663.75634974,-41.4704,7759587587.768647,0.2714,23,11,90,1
20260930_023233,2026-09-30T02:32:33.262524+00:00,6535,NEAR Protocol,NEAR,near-protocol,17,4.941829831837835,-2.33493872,7.48112386,14.39033034,168.20345344,194.73552982,162.58617964,1445661442.8625495,-10.8119,6462240432.739937,0.226,8,89,12,1
20260930_023233,2026-09-30T02:32:33.262524+00:00,1831,Bitcoin Cash,BCH,bitcoin-cash,18,307.1217397024707,-0.50499909,1.12882513,-9.32850037,25.81857507,45.15136429,42.43177309,255296278.06657922,-21.8501,6171977026.142482,0.2159,34,44,57,1
20260930_023233,2026-09-30T02:32:33.262524+00:00,7083,Uniswap,UNI,uniswap,19,8.80922595740781,-0.6633712,3.92888448,-16.39601751,72.49235897,103.64245552,212.92316826,794400797.9010559,-30.8459,5464877519.356761,0.1912,15,75,26,1
20260930_023233,2026-09-30T02:32:33.262524+00:00,2,Litecoin,LTC,litecoin,20,67.14166739672301,-0.13280988,-0.42883551,7.55603543,39.23041252,51.07092287,56.61120467,372836823.3506138,-39.2664,5214562100.293268,0.1824,26,17,84,1
20260930_023233,2026-09-30T02:32:33.262524+00:00,5805,Avalanche,AVAX,avalanche,21,11.347621320827043,-0.67010594,8.89044837,1.96904193,58.9567375,77.10239872,70.20340515,1111515899.1134694,68.8447,5028083466.747398,0.1759,10,91,10,1
20260930_023233,2026-09-30T02:32:33.262524+00:00,37263,Canton,CC,canton-network,22,0.1256950701039401,0.54568481,-3.39001154,10.4381292,7.20318513,6.86797303,-11.143535,37768740.85580017,-44.2131,4993099307.12493,0.1747,76,8,93,1
20260930_023233,2026-09-30T02:32:33.262524+00:00,29470,Ethena USDe,USDe,ethena-usde,23,0.9998149517404995,-0.00030714,-0.01299283,-0.0016462,-0.01945256,0.00327554,0.13085663,22429607.38254315,-29.0803,4903846790.912078,0.1715,83,22,79,1
20260930_023233,2026-09-30T02:32:33.262524+00:00,20947,Sui,SUI,sui,24,1.159324343074586,-1.09403731,4.70273884,13.77351363,62.17448759,69.05942933,60.72256901,998682991.2379727,-36.4416,4749215236.294237,0.1661,11,83,18,1
20260930_023233,2026-09-30T02:32:33.262524+00:00,4943,Dai,DAI,multi-collateral-dai,25,0.9998861932431635,-0.00414067,-0.00614147,0.00772338,-0.00734535,0.02800817,0.02174935,22634232.4910671,12.6969,4586461567.255843,0.1604,82,24,77,1
20260930_023233,2026-09-30T02:32:33.262524+00:00,4642,Hedera,HBAR,hedera,26,0.10282337488641852,-0.60669746,-12.57988739,2.70188642,39.82031413,46.93137979,40.71173026,507218927.6338587,-61.6424,4506923978.395066,0.1576,22,1,100,1
20260930_023233,2026-09-30T02:32:33.262524+00:00,36148,World Liberty Financial USD,USD1,usd1,27,0.9992490056012179,-0.00976071,-0.00363067,-0.02419928,-0.04335352,0.02972024,0.04323827,792126664.3620849,-24.3298,4392861629.899215,0.1537,16,27,74,1
20260930_023233,2026-09-30T02:32:33.262524+00:00,11419,Gram (prev. Toncoin),GRAM,gram,28,1.480274630340187,0.21562418,-3.52434262,1.40394127,11.17097071,5.06644675,-4.91443994,139234619.16438067,-37.776,4168454844.3288336,0.1458,51,6,95,1
20260930_023233,2026-09-30T02:32:33.262524+00:00,3155,Quant,QNT,quant,29,293.15121332592275,8.12959785,40.74071803,292.44739042,386.84170961,384.54239351,336.29820967,859561402.8966101,-11.1283,3539137792.865974,0.1238,14,100,1,1
20260930_023233,2026-09-30T02:32:33.262524+00:00,22974,Bittensor,TAO,bittensor,30,302.11949521846896,-0.5831018,1.93599302,-3.30487578,32.51772868,54.18254746,47.23884216,293033004.5313643,-19.766,3494470786.8929563,0.1222,32,58,43,1
20260930_023233,2026-09-30T02:32:33.262524+00:00,5994,Shiba Inu,SHIB,shiba-inu,31,5.780452600391584e-06,-0.31321862,4.69051835,-5.48910173,15.44239197,18.07244178,34.40572564,89280197.04064806,-11.1809,3406067424.140737,0.1191,59,82,19,1
20260930_023233,2026-09-30T02:32:33.262524+00:00,3635,Cronos,CRO,cronos,32,0.06745576334959201,-0.75076335,0.9953355,0.02482941,19.60668859,23.87067145,20.53765735,18684010.88714381,-31.7236,3356059174.228385,0.1174,85,42,59,1
20260930_023233,2026-09-30T02:32:33.262524+00:00,33793,Global Dollar,USDG,global-dollar-usdg,33,0.9998583120401909,-0.01956663,-0.03539356,-0.06371066,-0.05315783,-0.03868127,-0.01353255,721648255.0114293,-8.2456,3169441345.0446014,0.1109,17,20,81,1
20260930_023233,2026-09-30T02:32:33.262524+00:00,5176,Tether Gold,XAUt,tether-gold,34,4176.940628312462,0.16125432,0.96779283,-3.7211803,-5.35046885,3.45506772,3.32939608,220130664.7354079,-49.5901,2962802812.122487,0.1036,35,41,60,1
20260930_023233,2026-09-30T02:32:33.262524+00:00,27772,PayPal USD,PYUSD,paypal-usd,35,1.0000141482746947,0.00453157,0.01003542,0.01788518,0.02467177,0.04408034,0.02929829,44543252.42993278,-32.4589,2758933970.645903,0.0965,70,29,72,1
20260930_023233,2026-09-30T02:32:33.262524+00:00,36507,Pump.fun,PUMP,pump-fun,36,0.00587420957756762,-1.11925183,24.13107775,34.2150157,34.05390784,174.86069669,314.89941488,522684607.3444316,-4.3078,2733679196.746663,0.0956,21,99,2,1
20260930_023233,2026-09-30T02:32:33.262524+00:00,3897,OKB,OKB,okb,37,121.24689976326354,-0.22638448,3.34518321,-2.18771277,9.4970077,41.0807312,51.02407437,35862047.50702103,0.1504,2546184895.0285344,0.0891,77,70,31,1
20260930_023233,2026-09-30T02:32:33.262524+00:00,34387,Ripple USD,RLUSD,ripple-usd,38,0.9999844547429618,-0.00390769,-0.00509285,-0.0007466,-0.02194523,-0.02572225,0.00354557,296232256.6530406,-7.3473,2521090702.4049716,0.0882,30,26,75,1
20260930_023233,2026-09-30T02:32:33.262524+00:00,30171,Ethena,ENA,ethena,39,0.24956754561186434,0.2638254,0.02999952,15.59395771,68.84400503,209.65215473,232.49814077,416818342.30499566,-38.2464,2519462362.8097744,0.0881,24,30,71,1
20260930_023233,2026-09-30T02:32:33.262524+00:00,7278,Aave,AAVE,aave,40,159.9875457687168,-1.37422487,9.02545197,8.63697829,30.05793179,71.69267069,89.13720949,869194682.437045,157.6035,2469245832.663242,0.0864,13,92,9,1
20260930_023233,2026-09-30T02:32:33.262524+00:00,21159,Ondo,ONDO,ondo-finance,41,0.49781354976596437,-1.62532417,0.05480735,13.41719936,44.36044081,26.72363888,50.09810381,321751172.151691,-48.3594,2424018774.36727,0.0848,29,31,70,1
20260930_023233,2026-09-30T02:32:33.262524+00:00,35491,MemeCore,M,memecore,42,1.044440279212199,-0.00727893,-4.73724645,-19.65723377,-3.81235368,-4.03143191,-15.33331732,2318685.41910443,2.6528,2382207771.720763,0.0833,98,4,97,1
20260930_023233,2026-09-30T02:32:33.262524+00:00,27075,Mantle,MNT,mantle,43,0.6662119762968379,-0.76850894,1.14165114,-1.75314339,19.45427044,69.77654796,55.40354634,29696376.36607351,-37.3703,2200028066.9038143,0.077,80,45,56,1
20260930_023233,2026-09-30T02:32:33.262524+00:00,6636,Polkadot,DOT,polkadot-new,44,1.2021188324217913,-1.16574858,4.65391335,0.32468093,46.11979396,57.35555157,43.29222675,187367706.69194403,-12.149,2049745172.1852922,0.0717,41,81,20,1
20260930_023233,2026-09-30T02:32:33.262524+00:00,36341,Aster,ASTER,aster,45,0.744827195286044,-1.44183126,7.00517551,1.91372413,7.0921804,24.20607215,18.04580063,147649116.0095756,15.4529,2014406820.3121579,0.0705,47,87,14,1
20260930_023233,2026-09-30T02:32:33.262524+00:00,33038,Sky,SKY,sky,46,0.08164823814663306,-0.96118493,5.31298209,16.77744395,18.92659824,43.55845224,55.70351153,48315127.21747165,-11.7506,1912679594.2772005,0.0669,68,84,17,1
20260930_023233,2026-09-30T02:32:33.262524+00:00,13502,Worldcoin,WLD,worldcoin-org,47,0.4926490242537952,-1.01552406,4.39137579,6.54593451,36.75804312,60.97092729,32.66874674,404036024.02344537,-25.254,1894542075.36548,0.0663,25,79,22,1
20260930_023233,2026-09-30T02:32:33.262524+00:00,8916,Internet Computer,ICP,internet-computer,48,3.372169348040939,-2.94736799,9.69804624,12.9033752,42.58783487,62.36279191,54.0884444,206490504.8762115,103.2922,1878118423.8609066,0.0657,37,93,8,1
20260930_023233,2026-09-30T02:32:33.262524+00:00,4705,PAX Gold,PAXG,pax-gold,49,4184.892430450157,0.19805192,1.03654919,-3.47656054,-5.34883859,3.50116674,3.50703264,163996145.87867838,-34.6049,1821686146.3171444,0.0637,45,43,58,1
20260930_023233,2026-09-30T02:32:33.262524+00:00,33251,World Liberty Financial,WLFI,world-liberty-financial-wlfi,50,0.05722352481605847,-0.03318406,1.45839436,-1.90745229,-0.03031803,4.85970817,-1.70194435,43468570.07754594,-19.3902,1818468882.8200643,0.0636,73,51,50,1
20260930_023233,2026-09-30T02:32:33.262524+00:00,24478,Pepe,PEPE,pepe,51,4.283965291130352e-06,-0.36253954,4.28890266,-12.46328327,24.34085758,53.97441056,83.00658253,257737274.31614247,-16.3712,1772586407.7116945,0.062,33,78,23,1
20260930_023233,2026-09-30T02:32:33.262524+00:00,19891,USDD,USDD,usdd,52,0.9991918727713515,-0.00798648,0.31028271,-0.13444041,-0.07573702,0.0292092,0.03660277,2536115.57109615,222.2947,1529185110.4026039,0.0535,97,35,66,1
20260930_023233,2026-09-30T02:32:33.262524+00:00,39120,United Stables,U,united-stables,53,0.9992340179595969,-0.01560093,-0.03075594,-0.01318811,-0.02471296,-0.01809576,-0.01535394,176293604.15485507,-10.8348,1495683846.4324818,0.0523,43,21,80,1
20260930_023233,2026-09-30T02:32:33.262524+00:00,1321,Ethereum Classic,ETC,ethereum-classic,54,9.045456036029357,-0.83527498,2.17988916,-4.74435281,25.82040124,35.57567144,28.76631551,62783660.5428994,-20.5724,1432141235.1838412,0.0501,64,60,41,1
20260930_023233,2026-09-30T02:32:33.262524+00:00,11092,Bitget Token,BGB,bitget-token-new,55,1.9740254620440774,-0.49646085,-0.23509759,-6.83695812,2.32694764,21.60065178,21.86820619,10365882.16027026,-55.9486,1381761686.7774088,0.0483,91,19,82,1
20260930_023233,2026-09-30T02:32:33.262524+00:00,11841,Arbitrum,ARB,arbitrum,56,0.20348959331013397,-0.92880076,5.3289835,-17.70395574,139.35694625,159.55308087,165.41915572,294450837.96613824,-11.87,1380793816.7470229,0.0483,31,85,16,1
20260930_023233,2026-09-30T02:32:33.262524+00:00,34104,Morpho,MORPHO,morpho,57,2.4907142735333636,0.37424797,2.6323024,-7.72496793,0.41308614,24.5191962,16.19305266,40765007.6447583,2.2921,1326389485.6784682,0.0464,75,63,38,1
20260930_023233,2026-09-30T02:32:33.262524+00:00,35509,Venice Token,VVV,venice-token,58,27.0694353846344,-0.5838127,3.28690938,-17.64027283,59.91210855,125.9934027,106.09614329,43685488.72513929,-2.8337,1314586957.010604,0.046,71,68,33,1
20260930_023233,2026-09-30T02:32:33.262524+00:00,28321,Polygon (prev. MATIC),POL,polygon-ecosystem-token,59,0.11739619455514202,-0.53188719,3.57686706,7.89959927,22.74421889,63.81585436,63.50286349,197756638.30296,-4.0514,1247147716.1555314,0.0436,39,72,29,1
20260930_023233,2026-09-30T02:32:33.262524+00:00,20396,Kaspa,KAS,kaspa,60,0.04361412405884799,-0.3175156,-1.52147965,5.2996529,60.54462262,59.44494191,41.65026738,19944955.4310391,-30.944,1209385559.8589888,0.0423,84,10,91,1
20260930_023233,2026-09-30T02:32:33.262524+00:00,4269,GateToken,GT,gatetoken,61,10.833066568843712,-0.12134267,1.39345518,-2.23343809,36.66080476,66.88944368,65.6892646,2273031.38699769,-52.9521,1155298233.0069783,0.0404,99,50,51,1
20260930_023233,2026-09-30T02:32:33.262524+00:00,4030,Algorand,ALGO,algorand,62,0.12480804863144974,-1.55571084,-5.93934381,10.68868355,47.43022906,56.59919538,46.55601959,183279604.03940728,-36.5845,1130521841.1117165,0.0395,42,3,98,1
20260930_023233,2026-09-30T02:32:33.262524+00:00,29210,Jupiter,JUP,jupiter-ag,63,0.3304883009308631,-2.28613618,3.76730686,10.5911038,60.93855493,70.75368367,39.70479334,76609379.36249809,-35.346,1097012688.5144722,0.0384,60,74,27,1
20260930_023233,2026-09-30T02:32:33.262524+00:00,5488,JUST,JST,just,64,0.12527928300986552,-0.96979682,-2.96906376,10.49964573,32.3770743,20.97220297,43.61252498,43151855.22081062,-17.1838,1025879856.344922,0.0359,74,9,92,1
20260930_023233,2026-09-30T02:32:33.262524+00:00,35697,Pi,PI,pi,65,0.0902720059759616,-0.44946868,2.76026145,-0.56347723,-0.34193075,6.86949876,-21.58907317,5236906.91040726,-37.8396,1014930190.280024,0.0355,95,65,36,1
20260930_023233,2026-09-30T02:32:33.262524+00:00,2087,KuCoin Token,KCS,kucoin-token,66,7.370276704471779,-0.06103814,0.94035582,-0.90138076,5.72413111,11.94887837,6.05723476,3676072.98114032,15.8211,1010870458.2221192,0.0354,96,40,61,1
20260930_023233,2026-09-30T02:32:33.262524+00:00,5690,Render,RENDER,render,67,1.930833046357053,-0.67777509,3.29994971,5.00460679,38.13168061,39.3113635,26.85122663,43531801.32768756,-35.5466,1001670310.3335208,0.035,72,69,32,1
20260930_023233,2026-09-30T02:32:33.262524+00:00,39125,Lighter,LIT,lighter,68,3.834689639061594,0.60588315,-11.43380185,-25.00383452,9.52213561,83.10671799,84.44301186,175158371.46759033,125.2221,958672409.7653985,0.0335,44,2,99,1
20260930_023233,2026-09-30T02:32:33.262524+00:00,3794,Cosmos,ATOM,cosmos,69,1.7254794251055583,-0.80561038,1.76750525,-5.20060633,18.09062703,39.89749006,11.17421418,65460877.48790333,6.3331,919621056.0975606,0.0322,62,54,47,1
20260930_023233,2026-09-30T02:32:33.262524+00:00,2280,Filecoin,FIL,filecoin,70,1.0603159515901104,-1.23988133,3.4869575,2.70580131,59.2692521,47.52987559,42.14214975,160993765.02531722,-21.7793,881687637.3736743,0.0308,46,71,30,1
20260930_023233,2026-09-30T02:32:33.262524+00:00,7186,PancakeSwap,CAKE,pancakeswap,71,2.570647859903573,-0.28252975,1.2290093,-3.57458827,41.56561502,76.70626063,91.83531829,45626879.01079194,-44.2131,850052561.3224143,0.0297,69,47,54,1
20260930_023233,2026-09-30T02:32:33.262524+00:00,29270,Aerodrome Finance,AERO,aerodrome-finance,72,0.8071864700378586,-1.23903061,1.24077266,10.05527796,68.62563949,92.52703492,70.88978481,71692195.41597876,-26.8054,803626285.5882533,0.0281,61,48,53,1
20260930_023233,2026-09-30T02:32:33.262524+00:00,131,Dash,DASH,dash,73,61.019066079198254,-0.41322913,2.03404283,-3.72711967,48.96366141,94.92169191,81.25932761,141835092.3785629,-13.9812,784009983.1975912,0.0274,49,59,42,1
20260930_023233,2026-09-30T02:32:33.262524+00:00,38892,Stable,STABLE,stable,74,0.028697985489510268,-0.42775189,2.43123855,17.32858631,8.76237733,-15.32216177,-17.24436833,11413530.51863613,-11.0867,768341587.7006527,0.0269,90,61,40,1
20260930_023233,2026-09-30T02:32:33.262524+00:00,7226,Injective,INJ,injective,75,7.64631772370403,-1.67508627,5.55410494,-1.67255322,55.12081883,56.46130692,69.64944021,118154319.44885786,-6.1035,764409681.2489592,0.0267,54,86,15,1
20260930_023233,2026-09-30T02:32:33.262524+00:00,3077,VeChain,VET,vechain,76,0.008784665888240433,-0.8557824,1.28613158,-7.59382621,28.44286094,85.24031266,96.62844311,14914976.85933091,-15.2985,755349858.1265409,0.0264,88,49,52,1
20260930_023233,2026-09-30T02:32:33.262524+00:00,29814,ether.fi,ETHFI,ether-fi-ethfi,77,0.7729535321667936,-1.81995788,14.56117814,8.04311723,43.8424872,88.2566862,135.82093168,120250576.07987514,105.3571,746170692.2772142,0.0261,53,96,5,1
20260930_023233,2026-09-30T02:32:33.262524+00:00,2634,XDC Network,XDC,xdc-network,78,0.03306593290325341,-0.92503505,-3.51814748,7.1222205,20.67828615,27.05129553,17.85880438,24706054.9884562,-35.3647,710230366.3855084,0.0248,81,7,94,1
20260930_023233,2026-09-30T02:32:33.262524+00:00,21794,Aptos,APT,aptos,79,0.7924889347483557,-0.72238407,-1.20203166,-2.01125423,52.68391455,41.3519848,33.04495121,89754031.13271095,3.4262,690253941.455841,0.0241,58,12,89,1
20260930_023233,2026-09-30T02:32:33.262524+00:00,26997,LayerZero,ZRO,layerzero,80,1.7385017733210588,-2.02382785,16.49704488,24.50320759,70.31083958,134.27171043,115.15533128,138336913.5365549,21.7702,677819587.379912,0.0237,52,97,4,1
20260930_023233,2026-09-30T02:32:33.262524+00:00,7950,Flare,FLR,flare,81,0.007612284986469525,0.36353639,8.5686157,4.00301958,20.30763738,21.26059986,19.06607342,7029553.64177635,54.5488,662318228.6180618,0.0232,92,90,11,1
20260930_023233,2026-09-30T02:32:33.262524+00:00,34466,Pudgy Penguins,PENGU,pudgy-penguins,82,0.0101031658678384,-0.60919785,11.94750439,1.95186899,17.34174974,65.89005592,62.97290279,206360539.9026907,-11.4143,635089008.2156945,0.0222,38,95,6,1
20260930_023233,2026-09-30T02:32:33.262524+00:00,28177,Pyth Network,PYTH,pyth-network,83,0.07899422120153257,-1.70147875,-0.75882407,19.7304897,70.24922022,97.37529455,99.98741726,30999877.59363404,-26.0037,622076276.0414643,0.0218,79,14,87,1
20260930_023233,2026-09-30T02:32:33.262524+00:00,6538,Curve DAO Token,CRV,curve-dao-token,84,0.3886102802853354,0.55485102,3.98672,8.01214437,28.98655696,86.50001893,90.37728826,197726770.37735963,59.662,609640689.5017508,0.0213,40,77,24,1
20260930_023233,2026-09-30T02:32:33.262524+00:00,35336,OFFICIAL TRUMP,TRUMP,official-trump,85,2.0763350062700603,-0.09767022,7.01605999,-6.00092217,-12.02028408,44.91386206,23.30189545,355962638.277222,-6.7402,585250031.6925495,0.0205,28,88,13,1
20260930_023233,2026-09-30T02:32:33.262524+00:00,4847,Stacks,STX,stacks,86,0.3133630050161293,-1.97451992,2.87034906,-6.52672843,30.91515081,128.13211882,90.46667275,17907493.0020922,-34.7042,568630322.7070338,0.0199,86,66,35,1
20260930_023233,2026-09-30T02:32:33.262524+00:00,23149,Sei,SEI,sei,87,0.07313634945883549,-1.43414352,-0.69897019,19.17533701,65.65053984,75.586574,53.72348867,108776216.35804577,-42.5345,554363371.0635331,0.0194,55,15,86,1
20260930_023233,2026-09-30T02:32:33.262524+00:00,2694,Nexo,NEXO,nexo,88,0.8421330839824435,-0.16781762,1.16498195,-6.20759994,-1.63852679,16.92348286,12.40821136,5956144.62419256,-40.1341,544140788.5834545,0.019,93,46,55,1
20260930_023233,2026-09-30T02:32:33.262524+00:00,39064,Midnight,NIGHT,midnight-network,89,0.03245347878788952,-0.5933252,16.82789881,32.79979229,76.55576298,75.89549996,3.68560454,54005057.1376945,54.759,538967884.1823627,0.0189,65,98,3,1
20260930_023233,2026-09-30T02:32:33.262524+00:00,29420,Virtuals Protocol,VIRTUAL,virtual-protocol,90,0.7777164425458579,-0.82928815,-0.67342592,4.61218952,15.99931623,41.3756559,41.16136047,145790175.6266026,-23.5979,512516512.4976803,0.0179,48,16,85,1
20260930_023233,2026-09-30T02:32:33.262524+00:00,3773,Artificial Superintelligence Alliance,FET,artificial-superintelligence-alliance,91,0.22157455282857813,-1.56638236,2.87699648,6.56347819,48.08055612,55.98541801,23.4056528,211081402.8058135,2.5464,512171458.7141314,0.0179,36,67,34,1
20260930_023233,2026-09-30T02:32:33.262524+00:00,8526,Raydium,RAY,raydium,92,1.8976893491021554,-2.1008473,3.73684585,2.2991953,145.31543858,213.28305038,191.58345737,63571964.03866682,-19.2019,512117283.59718925,0.0179,63,73,28,1
20260930_023233,2026-09-30T02:32:33.262524+00:00,38590,币安人生,币安人生,bianrensheng,93,0.5075468593155166,0.06419773,4.64003487,-1.49914642,4.9034112,-19.60194986,-27.31068634,5432145.85921858,155.8138,507546859.3155166,0.0178,94,80,21,1
20260930_023233,2026-09-30T02:32:33.262524+00:00,2563,TrueUSD,TUSD,trueusd,94,0.9995255398512028,0.01742586,0.00109039,-0.01533788,0.13341311,0.42566372,0.1545534,15710454.6526433,-10.0363,494280455.30013734,0.0173,87,28,73,1
20260930_023233,2026-09-30T02:32:33.262524+00:00,20641,EURC,EURC,euro-coin,95,1.1339036988160105,-0.0154007,-0.28071374,-0.86510908,-2.14996983,-1.62968723,-0.41362815,52511375.11852952,-10.4429,458926145.0939828,0.0161,67,18,83,1
20260930_023233,2026-09-30T02:32:33.262524+00:00,36645,Plasma,XPL,plasma-xpl,96,0.09655386895049525,-0.85343137,1.60059086,0.31193962,11.66306273,28.53396975,5.22828758,139704192.88046253,-7.4763,437710872.57557523,0.0153,50,52,49,1
20260930_023233,2026-09-30T02:32:33.262524+00:00,38849,Pieverse,PIEVERSE,pieverse,97,1.412152752792376,-0.32986563,-0.92575933,-19.83909414,40.75429102,108.51637692,108.6250944,95884254.6717868,-38.0806,417082450.5163394,0.0146,57,13,88,1
20260930_023233,2026-09-30T02:32:33.262524+00:00,38482,Falcon Finance,FF,falcon-finance-ff,98,0.13112921082209164,0.09868518,11.91215856,3.00786085,41.59113708,101.97336679,106.08536508,12495346.75700246,-14.3912,411745721.98136777,0.0144,89,94,7,1
20260930_023233,2026-09-30T02:32:33.262524+00:00,22861,Celestia,TIA,celestia,99,0.442531311020271,-1.13616017,3.96632661,-11.06615562,35.68549809,36.16275537,23.01324854,53627621.2713137,9.8816,407099155.0461659,0.0142,66,76,25,1
20260930_023233,2026-09-30T02:32:33.262524+00:00,9481,Pendle,PENDLE,pendle,100,2.3239559741657736,-0.77196577,0.74603519,-6.50482665,34.8120512,62.42311401,57.87104876,34219156.71001179,-42.4384,403497406.38799375,0.0141,78,38,63,1
20260930_024351,2026-09-30T02:43:51.820606+00:00,1,Bitcoin,BTC,bitcoin,1,83390.1607776246,0.0815307,0.51585445,-3.59803227,7.28214118,32.33415886,38.20725764,26553595124.195225,-34.2595,1675384131678.625,58.6863,2,38,63,1
20260930_024351,2026-09-30T02:43:51.820606+00:00,1027,Ethereum,ETH,ethereum,2,2670.571300479376,0.07265791,0.49887972,-3.17670496,10.66907501,43.12621674,64.68076995,14687632342.544266,-6.1984,326057903555.54675,11.4213,4,37,64,1
20260930_024351,2026-09-30T02:43:51.820606+00:00,825,Tether USDt,USDT,tether,3,0.9995053376204824,-0.00910829,-0.02230867,-0.03435442,-0.03630466,0.05889374,0.05667073,71500554044.68016,-20.141,183779630152.5094,6.4375,1,21,80,1
20260930_024351,2026-09-30T02:43:51.820606+00:00,1839,BNB,BNB,bnb,4,761.0658200776853,0.26124016,0.80623956,-3.83153491,11.23724664,29.04376331,38.17862281,1503601398.3050869,-10.1155,101343167882.38405,3.5499,7,39,62,1
20260930_024351,2026-09-30T02:43:51.820606+00:00,52,XRP,XRP,xrp,5,1.498599868470771,0.29424204,1.73525825,-5.84959878,10.93549576,40.75483311,41.47722933,4467511080.067375,-7.1118,94551125461.59811,3.312,5,56,45,1
20260930_024351,2026-09-30T02:43:51.820606+00:00,3408,USDC,USDC,usd-coin,6,0.9999591931501532,0.0005564,-0.00380686,0.00912702,-0.00501537,0.01397148,0.02009646,15779404947.678585,-18.5341,74423428507.09126,2.6069,3,26,75,1
20260930_024351,2026-09-30T02:43:51.820606+00:00,5426,Solana,SOL,solana,7,119.40784813632548,0.22433264,2.23323689,0.85840234,17.17143153,63.59428356,52.29698564,3366200688.8620334,-11.3844,70204043567.26169,2.4591,6,61,40,1
20260930_024351,2026-09-30T02:43:51.820606+00:00,1958,TRON,TRX,tron,8,0.33499045647343983,0.1590505,0.15911441,-2.6739066,-0.31065392,2.49077238,5.90521613,355503284.0439727,-16.6538,31815828332.070377,1.114,28,33,68,1
20260930_024351,2026-09-30T02:43:51.820606+00:00,1437,Zcash,ZEC,zcash,9,1414.5846131427131,-0.40282701,2.38607361,-12.25537092,71.18313632,207.46660601,236.68339928,1301581220.0073726,-17.8707,23897159321.449905,0.8371,9,63,38,1
20260930_024351,2026-09-30T02:43:51.820606+00:00,32196,Hyperliquid,HYPE,hyperliquid,10,86.2436499297112,-0.07314065,0.12901609,-11.1230221,7.09831599,64.41286002,37.11043358,617702485.5569819,-27.6658,21654788075.501816,0.7585,19,32,69,1
20260930_024351,2026-09-30T02:43:51.820606+00:00,74,Dogecoin,DOGE,dogecoin,11,0.09376816825141039,0.0186619,1.78987314,-7.87370616,14.3166732,33.98351208,29.13333819,900698969.4680586,-33.6215,16112758505.003141,0.5644,12,58,43,1
20260930_024351,2026-09-30T02:43:51.820606+00:00,1975,Chainlink,LINK,chainlink,12,14.456051087305461,0.06168265,-3.91556352,10.98528577,29.7680465,75.87820569,95.06721023,697945592.1710618,-47.2973,10814571390.873827,0.3787,18,5,96,1
20260930_024351,2026-09-30T02:43:51.820606+00:00,328,Monero,XMR,monero,13,542.4544231363825,0.03479058,1.50564191,-4.54299659,8.24996405,49.27543324,75.56245128,105381913.38539091,-18.5198,10204248627.84074,0.3574,56,54,47,1
20260930_024351,2026-09-30T02:43:51.820606+00:00,2010,Cardano,ADA,cardano,14,0.24551457343377833,0.23839501,2.12220682,-3.51464468,27.16525002,44.42021097,58.77693146,554390573.3903451,-23.9143,9029150505.463072,0.3161,20,59,42,1
20260930_024351,2026-09-30T02:43:51.820606+00:00,3957,UNUS SED LEO,LEO,unus-sed-leo,15,9.029338896222864,-0.0343348,0.19096253,0.49663016,-6.0852918,-7.48299777,-2.33409026,710465.67212435,33.5538,8305708281.156681,0.2909,100,34,67,1
20260930_024351,2026-09-30T02:43:51.820606+00:00,512,Stellar,XLM,stellar,16,0.22110666423085668,-0.26383121,-1.31825117,1.48082983,26.6135632,27.95175683,10.49358912,444491507.9626181,-42.1839,7743425024.890231,0.2712,23,12,89,1
20260930_024351,2026-09-30T02:43:51.820606+00:00,6535,NEAR Protocol,NEAR,near-protocol,17,4.926158813523036,-1.68420762,7.30845663,13.63715597,167.94313053,194.2097794,160.73430011,1435435797.2515934,-11.7562,6441747981.947971,0.2256,8,89,12,1
20260930_024351,2026-09-30T02:43:51.820606+00:00,1831,Bitcoin Cash,BCH,bitcoin-cash,18,306.8425313901836,-0.2710986,0.9564149,-9.6813297,26.05012404,45.25226883,42.10060819,254545431.25022635,-22.1567,6166366002.674676,0.216,34,42,59,1
20260930_024351,2026-09-30T02:43:51.820606+00:00,7083,Uniswap,UNI,uniswap,19,8.824088744194992,-0.37846902,3.58288474,-16.79781888,74.88748284,104.91858171,212.1459655,779056144.8260783,-31.8097,5474097774.323653,0.1917,16,73,28,1
20260930_024351,2026-09-30T02:43:51.820606+00:00,2,Litecoin,LTC,litecoin,20,67.17332179755626,-0.10709745,-0.23622452,7.34689609,39.50906299,51.10451622,56.63551561,366449275.4555293,-40.8804,5217020541.456447,0.1827,26,17,84,1
20260930_024351,2026-09-30T02:43:51.820606+00:00,5805,Avalanche,AVAX,avalanche,21,11.366199594868712,-0.24435529,9.19028049,1.34449567,59.56767644,77.52386083,70.13718546,1108471660.9297533,68.026,5036315929.254836,0.1764,10,92,9,1
20260930_024351,2026-09-30T02:43:51.820606+00:00,37263,Canton,CC,canton-network,22,0.12582527527149392,0.54063963,-3.33195516,10.36340199,7.57875519,7.06880477,-10.96789411,37799200.89879347,-44.0292,4998271565.124862,0.1751,76,8,93,1
20260930_024351,2026-09-30T02:43:51.820606+00:00,29470,Ethena USDe,USDe,ethena-usde,23,0.999757585792236,-0.00624335,0.000984,-0.00191844,-0.02452471,-0.00211477,0.13203482,22298738.78795049,-30.1183,4903565425.02451,0.1718,83,28,73,1
20260930_024351,2026-09-30T02:43:51.820606+00:00,20947,Sui,SUI,sui,24,1.160718299852822,-0.22887319,4.75038832,13.50735076,63.00021256,69.37258999,60.88901804,983619361.2665567,-37.7698,4754925632.016953,0.1666,11,82,19,1
20260930_024351,2026-09-30T02:43:51.820606+00:00,4943,Dai,DAI,multi-collateral-dai,25,0.9997942144794156,-0.01134182,-0.01265199,-0.01210554,-0.01262358,-0.01311912,0.01122802,23394504.88237256,-0.7254,4586039662.1752615,0.1606,82,24,77,1
20260930_024351,2026-09-30T02:43:51.820606+00:00,4642,Hedera,HBAR,hedera,26,0.10325668492393185,-0.13176731,-12.80514475,2.87305178,40.56397227,47.64072432,40.87596936,503629884.81430405,-62.1203,4525916696.736643,0.1585,22,1,100,1
20260930_024351,2026-09-30T02:43:51.820606+00:00,36148,World Liberty Financial USD,USD1,usd1,27,0.9991874422514317,-0.00384225,-0.01072856,-0.03863504,-0.04155104,0.02369983,0.03324377,791519543.0763497,-24.1658,4392590987.371108,0.1539,15,25,76,1
20260930_024351,2026-09-30T02:43:51.820606+00:00,11419,Gram (prev. Toncoin),GRAM,gram,28,1.4790888368831143,0.29233631,-3.82428877,1.23856549,11.02294335,4.91450072,-5.13175893,138912599.95279074,-37.8602,4165132666.4979887,0.1459,51,6,95,1
20260930_024351,2026-09-30T02:43:51.820606+00:00,3155,Quant,QNT,quant,29,290.16421435998694,4.45733059,34.81912843,289.33860759,382.71708132,379.80320997,331.25522457,862416148.0327165,-11.6819,3503076536.94396,0.1227,14,100,1,1
20260930_024351,2026-09-30T02:43:51.820606+00:00,22974,Bittensor,TAO,bittensor,30,301.50565089160636,-0.41534759,1.43976996,-3.7650331,32.50580654,54.00717551,46.76849875,291750582.96295476,-20.1332,3487392071.648905,0.1222,32,52,49,1
20260930_024351,2026-09-30T02:43:51.820606+00:00,5994,Shiba Inu,SHIB,shiba-inu,31,5.783484708530391e-06,0.07767481,4.66095685,-5.47806664,15.88345585,18.15904801,34.25544403,89001345.8808576,-11.4859,3407854060.1486793,0.1194,59,81,20,1
20260930_024351,2026-09-30T02:43:51.820606+00:00,3635,Cronos,CRO,cronos,32,0.06744533271444571,-0.40198901,0.87624047,-0.7934196,20.08568553,23.8836219,20.13405111,18414011.42733219,-33.3043,3355540229.26301,0.1175,85,40,61,1
20260930_024351,2026-09-30T02:43:51.820606+00:00,33793,Global Dollar,USDG,global-dollar-usdg,33,0.9999382647146751,-0.01460549,-0.02025358,-0.03081122,-0.01062184,-0.03041025,-0.00327768,719713537.5294689,-8.4671,3169694786.2663283,0.111,17,22,79,1
20260930_024351,2026-09-30T02:43:51.820606+00:00,5176,Tether Gold,XAUt,tether-gold,34,4176.668732455258,0.17121574,0.90866952,-3.66420618,-4.94979669,3.44605677,3.25067409,221053944.7493919,-49.1577,2962609949.9580436,0.1038,35,41,60,1
20260930_024351,2026-09-30T02:43:51.820606+00:00,27772,PayPal USD,PYUSD,paypal-usd,35,0.9999798164252784,-0.00265872,0.00252869,0.01932106,0.01980857,0.04033204,0.02673345,44600074.37013393,-32.2687,2758839252.6803694,0.0966,70,29,72,1
20260930_024351,2026-09-30T02:43:51.820606+00:00,36507,Pump.fun,PUMP,pump-fun,36,0.0058744328121054425,-0.26962566,24.55266752,34.08143539,35.04416177,176.2759438,312.04474292,522802845.9400315,-4.1115,2733783083.33838,0.0958,21,99,2,1
20260930_024351,2026-09-30T02:43:51.820606+00:00,3897,OKB,OKB,okb,37,120.8968450575133,-0.30908505,2.99288148,-2.52222394,9.38461397,40.49835456,50.5432074,35908651.76331134,1.3136,2538833746.2077794,0.0889,77,69,32,1
20260930_024351,2026-09-30T02:43:51.820606+00:00,34387,Ripple USD,RLUSD,ripple-usd,38,0.9999897004360478,0.00761819,0.00552509,-0.00047401,-0.00839461,-0.0017131,-0.00021314,299091489.3822788,-5.7873,2521103927.4786253,0.0883,30,30,71,1
20260930_024351,2026-09-30T02:43:51.820606+00:00,30171,Ethena,ENA,ethena,39,0.24931913475169767,0.32182704,-0.09051763,14.78775028,68.4904873,210.28416724,228.94647399,414248223.33578897,-38.5479,2516954577.547998,0.0882,24,20,81,1
20260930_024351,2026-09-30T02:43:51.820606+00:00,7278,Aave,AAVE,aave,40,159.90019039797815,-0.86440717,9.12117953,8.31766869,30.36496559,71.76138677,87.97561429,871073272.5999228,158.4377,2467897590.9352956,0.0864,13,91,10,1
20260930_024351,2026-09-30T02:43:51.820606+00:00,21159,Ondo,ONDO,ondo-finance,41,0.49783613006117483,-1.15741621,0.44810011,13.24102007,44.69976024,26.78873359,49.79721154,321027219.54599667,-48.4838,2424128725.2907567,0.0849,29,35,66,1
20260930_024351,2026-09-30T02:43:51.820606+00:00,35491,MemeCore,M,memecore,42,1.0440461654497504,-0.82713752,-4.19528678,-19.56154087,-3.53812892,-3.77416461,-14.69054048,2302137.41761779,0.8858,2381308858.7943535,0.0834,98,4,97,1
20260930_024351,2026-09-30T02:43:51.820606+00:00,27075,Mantle,MNT,mantle,43,0.6656730382336401,-0.43254797,1.29631374,-2.2213584,19.72310916,69.60314475,55.22405721,29562596.6710692,-37.6248,2198248334.7651806,0.077,80,47,54,1
20260930_024351,2026-09-30T02:43:51.820606+00:00,6636,Polkadot,DOT,polkadot-new,44,1.2030749486753254,-0.38927998,4.80108201,0.10998914,46.89287043,57.61311333,43.2152897,186944439.5413116,-12.6764,2051379140.4145327,0.0719,42,83,18,1
20260930_024351,2026-09-30T02:43:51.820606+00:00,36341,Aster,ASTER,aster,45,0.7404600750435736,-1.12608041,6.32583031,1.00204253,6.78915546,23.50331559,17.37305218,148539073.97201842,17.0653,2002595816.5555384,0.0701,47,87,14,1
20260930_024351,2026-09-30T02:43:51.820606+00:00,33038,Sky,SKY,sky,46,0.0816296953943436,-0.25256504,5.52309877,15.64996912,18.98719066,43.77236385,55.49702649,48155193.13185925,-11.8456,1912241946.941538,0.067,68,85,16,1
20260930_024351,2026-09-30T02:43:51.820606+00:00,8916,Internet Computer,ICP,internet-computer,47,3.382726961255785,-2.2357143,10.33738916,12.94885699,43.14396551,63.05106948,54.25818692,208210190.14978737,104.4617,1883998801.5776927,0.066,37,93,8,1
20260930_024351,2026-09-30T02:43:51.820606+00:00,13502,Worldcoin,WLD,worldcoin-org,48,0.48989528139777766,-0.71870486,4.15136257,5.63085968,36.34772339,60.00606102,31.65499374,400771000.2060028,-26.2228,1883952220.4208477,0.066,25,78,23,1
20260930_024351,2026-09-30T02:43:51.820606+00:00,4705,PAX Gold,PAXG,pax-gold,49,4184.90401671806,0.20801659,0.96996302,-3.41299157,-4.97775804,3.50439214,3.42079669,164771930.75615555,-34.2027,1821691189.8264046,0.0638,45,43,58,1
20260930_024351,2026-09-30T02:43:51.820606+00:00,33251,World Liberty Financial,WLFI,world-liberty-financial-wlfi,50,0.057161601841358906,0.07134416,1.33657528,-2.18286385,0.22647222,4.7617665,-2.09475258,43473054.01455557,-19.2831,1816501073.2000735,0.0636,71,48,53,1
20260930_024351,2026-09-30T02:43:51.820606+00:00,24478,Pepe,PEPE,pepe,51,4.287049750295793e-06,-0.18158806,4.19520056,-12.24947647,24.51949127,54.55996115,82.85539236,257353626.28231075,-15.7426,1773862671.6448133,0.0621,33,79,22,1
20260930_024351,2026-09-30T02:43:51.820606+00:00,19891,USDD,USDD,usdd,52,0.9992480886208029,0.00986042,0.06482383,-0.12613998,0.04751803,0.03249314,0.02862949,2536471.92482175,228.2439,1529271144.3689444,0.0536,97,31,70,1
20260930_024351,2026-09-30T02:43:51.820606+00:00,39120,United Stables,U,united-stables,53,0.9993165539388013,0.00373396,-0.01954305,-0.01967811,0.00112402,-0.01511168,-0.0453212,176649757.02512357,-11.0841,1495807388.794558,0.0524,43,23,78,1
20260930_024351,2026-09-30T02:43:51.820606+00:00,1321,Ethereum Classic,ETC,ethereum-classic,54,9.034710208974564,-0.48972144,1.77591122,-4.6838188,25.90360348,35.32749425,28.44490678,61588083.67212259,-23.0705,1430443654.237507,0.0501,64,57,44,1
20260930_024351,2026-09-30T02:43:51.820606+00:00,11092,Bitget Token,BGB,bitget-token-new,55,1.9768034660563802,-0.18783112,-0.27943665,-6.45045615,2.59647116,22.06529138,21.80971548,10388866.05586682,-55.896,1383706210.5861034,0.0485,91,16,85,1
20260930_024351,2026-09-30T02:43:51.820606+00:00,11841,Arbitrum,ARB,arbitrum,56,0.20327529012751247,-0.590666,4.98121899,-18.45260839,139.73992341,159.58127032,163.97247681,293438391.0020713,-12.0477,1379339646.5132558,0.0483,31,84,17,1
20260930_024351,2026-09-30T02:43:51.820606+00:00,34104,Morpho,MORPHO,morpho,57,2.4880717955645437,0.40919667,2.37116542,-7.96846815,0.94693226,24.59203003,16.06883823,40426022.23369815,1.8021,1324982276.8985515,0.0464,75,62,39,1
20260930_024351,2026-09-30T02:43:51.820606+00:00,35509,Venice Token,VVV,venice-token,58,27.113825673387964,0.02149724,3.66771966,-16.38624746,61.2526806,127.40084217,106.24805791,43103697.96613625,-5.2077,1316745959.4044933,0.0461,74,75,26,1
20260930_024351,2026-09-30T02:43:51.820606+00:00,28321,Polygon (prev. MATIC),POL,polygon-ecosystem-token,59,0.11721516923570086,-0.43239126,3.66374014,7.11285063,22.51424464,63.57100815,63.15691903,197145750.38595742,-3.5502,1245224610.2613168,0.0436,39,74,27,1
20260930_024351,2026-09-30T02:43:51.820606+00:00,20396,Kaspa,KAS,kaspa,60,0.043527905154163195,-0.39304589,-2.24574883,4.76969683,60.45740174,59.19221153,41.20140428,19867669.95366545,-31.2336,1206994777.0434964,0.0423,84,10,91,1
20260930_024351,2026-09-30T02:43:51.820606+00:00,4269,GateToken,GT,gatetoken,61,10.81313216856824,-0.36548621,1.37845768,-1.73671137,37.14088069,66.2108621,64.8048013,2273071.84966185,-52.8501,1153172318.1270177,0.0404,99,50,51,1
20260930_024351,2026-09-30T02:43:51.820606+00:00,4030,Algorand,ALGO,algorand,62,0.12455401021189158,-1.52134011,-6.4969596,10.13592187,48.16681688,56.32949891,46.00884784,188331525.88562956,-35.1422,1128220739.660799,0.0395,41,3,98,1
20260930_024351,2026-09-30T02:43:51.820606+00:00,29210,Jupiter,JUP,jupiter-ag,63,0.3291978332043778,-1.8380832,3.23888563,10.00968888,60.49931523,69.69541862,39.06807522,76591920.84987146,-35.35,1092729149.6839435,0.0383,60,71,30,1
20260930_024351,2026-09-30T02:43:51.820606+00:00,5488,JUST,JST,just,64,0.12510238475519123,-0.89736473,-2.90000692,10.45222785,32.20687861,20.51511831,43.2345458,43460273.90254144,-16.4547,1024431281.9938169,0.0359,72,9,92,1
20260930_024351,2026-09-30T02:43:51.820606+00:00,35697,Pi,PI,pi,65,0.09034989362106972,-0.17670621,2.77562997,-0.63617312,-0.07268684,6.87908608,-21.54949077,5221229.429013,-37.392,1015805882.8229713,0.0356,94,67,34,1
20260930_024351,2026-09-30T02:43:51.820606+00:00,2087,KuCoin Token,KCS,kucoin-token,66,7.381295570749506,0.08587675,1.06479728,-0.66730505,5.95118226,12.15612524,5.95108146,3685457.99313758,15.9781,1012381751.0608935,0.0355,96,44,57,1
20260930_024351,2026-09-30T02:43:51.820606+00:00,5690,Render,RENDER,render,67,1.9286414721373895,-0.55873865,3.07526177,4.48885384,38.33277321,38.84355392,26.2443557,43242471.72892758,-35.594,1000533373.6973517,0.035,73,70,31,1
20260930_024351,2026-09-30T02:43:51.820606+00:00,39125,Lighter,LIT,lighter,68,3.82832637845966,-2.29684324,-11.6363029,-25.14966279,9.4055874,82.98745153,82.84910274,176365279.43156275,128.6188,957081594.614915,0.0335,44,2,99,1
20260930_024351,2026-09-30T02:43:51.820606+00:00,3794,Cosmos,ATOM,cosmos,69,1.7204795593519342,-0.58945754,1.59579118,-5.9942808,18.05423426,39.55759049,10.6673922,65260553.58132666,5.8476,917277445.9232569,0.0321,62,55,46,1
20260930_024351,2026-09-30T02:43:51.820606+00:00,2280,Filecoin,FIL,filecoin,70,1.0610621271295073,-0.70835741,3.90539701,2.30198165,59.65833022,47.88471064,42.1132072,158009573.63914424,-23.9546,882324220.2009292,0.0309,46,77,24,1
20260930_024351,2026-09-30T02:43:51.820606+00:00,7186,PancakeSwap,CAKE,pancakeswap,71,2.5719104443142022,-0.14232396,1.17757599,-3.76628383,42.05558035,76.82253506,91.82343585,45893659.49632391,-42.9033,850470068.1808532,0.0298,69,45,56,1
20260930_024351,2026-09-30T02:43:51.820606+00:00,29270,Aerodrome Finance,AERO,aerodrome-finance,72,0.8088723568812913,-0.35649776,1.43957449,11.06723892,69.55231411,92.74438408,70.10481389,71135323.3895464,-27.594,805304531.1863698,0.0282,61,51,50,1
20260930_024351,2026-09-30T02:43:51.820606+00:00,131,Dash,DASH,dash,73,61.12695960485086,0.04623927,1.36253994,-3.47022726,49.10696075,95.76670191,80.67133273,140421216.7380896,-15.7685,785396980.4463961,0.0275,49,49,52,1
20260930_024351,2026-09-30T02:43:51.820606+00:00,38892,Stable,STABLE,stable,74,0.028711181647495768,-0.17491672,2.68128647,17.09625369,8.66763036,-15.25180046,-17.40294535,11425565.05565538,-10.8185,768694893.2308208,0.0269,90,66,35,1
20260930_024351,2026-09-30T02:43:51.820606+00:00,7226,Injective,INJ,injective,75,7.643808507930786,-1.26491141,5.55494116,-2.31798249,55.21533503,56.43420729,69.00171913,117375167.69408502,-6.8744,764158832.5530615,0.0268,54,86,15,1
20260930_024351,2026-09-30T02:43:51.820606+00:00,3077,VeChain,VET,vechain,76,0.008775979820451979,-0.60320929,1.47591801,-8.06105839,28.54512252,85.08736165,95.91790824,14834916.45792755,-15.9598,754602986.2300845,0.0264,88,53,48,1
20260930_024351,2026-09-30T02:43:51.820606+00:00,29814,ether.fi,ETHFI,ether-fi-ethfi,77,0.7728702635392721,-1.00350262,14.93511117,7.14749134,44.88128116,88.55213121,135.00668163,120221101.90554234,105.0768,746090308.9076363,0.0261,53,96,5,1
20260930_024351,2026-09-30T02:43:51.820606+00:00,2634,XDC Network,XDC,xdc-network,78,0.03314587192562771,-0.50949912,-3.59718984,7.24980208,20.87610296,27.36157334,18.15254769,24663289.42233002,-35.5021,711947394.0379722,0.0249,81,7,94,1
20260930_024351,2026-09-30T02:43:51.820606+00:00,21794,Aptos,APT,aptos,79,0.7910604115759585,-0.548898,-1.36843275,-3.26980663,52.60524686,41.29463474,32.53856574,89079025.77068938,2.1961,689009704.8400688,0.0241,58,11,90,1
20260930_024351,2026-09-30T02:43:51.820606+00:00,26997,LayerZero,ZRO,layerzero,80,1.7375889381908094,-1.27362698,16.00372622,21.83714441,70.71191254,134.50586914,113.84182614,139772973.9256974,22.8269,677463684.6475556,0.0237,50,97,4,1
20260930_024351,2026-09-30T02:43:51.820606+00:00,7950,Flare,FLR,flare,81,0.007614285213387271,0.42643406,8.70926212,4.0132809,20.19973794,21.27157516,18.87723233,7028732.02009227,53.7676,662492261.3495413,0.0232,92,90,11,1
20260930_024351,2026-09-30T02:43:51.820606+00:00,34466,Pudgy Penguins,PENGU,pudgy-penguins,82,0.01003875500526719,-0.27833477,11.03353012,1.12311732,16.93061537,64.96145477,61.4279839,206374856.4600847,-10.8736,631040115.8819672,0.0221,38,94,7,1
20260930_024351,2026-09-30T02:43:51.820606+00:00,28177,Pyth Network,PYTH,pyth-network,83,0.07884679388116694,-2.21035625,-0.76448944,18.93913246,70.27608877,97.68086772,99.86135319,30812033.24608162,-26.3362,620915291.8954741,0.0217,79,14,87,1
20260930_024351,2026-09-30T02:43:51.820606+00:00,6538,Curve DAO Token,CRV,curve-dao-token,84,0.38578849631076234,-0.03895489,2.91097346,7.37936622,28.72380571,85.21629071,88.55136477,195129157.80294767,56.9286,605213955.5341867,0.0212,40,68,33,1
20260930_024351,2026-09-30T02:43:51.820606+00:00,35336,OFFICIAL TRUMP,TRUMP,official-trump,85,2.074598755449747,0.21838641,6.7132672,-6.31856981,-11.68608471,44.90651192,22.73989331,355819802.4180708,-6.8162,584760640.1230028,0.0205,27,88,13,1
20260930_024351,2026-09-30T02:43:51.820606+00:00,4847,Stacks,STX,stacks,86,0.31258909872340257,-2.01909892,2.57809148,-7.11224808,30.63105047,128.01646556,89.76833128,17701023.74847835,-35.2622,567225987.8687348,0.0199,86,64,37,1
20260930_024351,2026-09-30T02:43:51.820606+00:00,23149,Sei,SEI,sei,87,0.07340289408984538,-0.88482322,-0.20561953,19.3574391,67.06916187,76.37893751,53.4566241,108986195.62550841,-41.8268,556383742.3464707,0.0195,55,18,83,1
20260930_024351,2026-09-30T02:43:51.820606+00:00,2694,Nexo,NEXO,nexo,88,0.8416236230042224,-0.53960155,1.284529,-6.01187301,-1.58639683,16.76554714,12.2631209,5952139.68736115,-40.299,543811602.4919512,0.019,93,46,55,1
20260930_024351,2026-09-30T02:43:51.820606+00:00,39064,Midnight,NIGHT,midnight-network,89,0.03252762172466453,-0.79020859,17.7049798,31.68372436,77.41074581,76.00868928,2.94882279,53844397.41447674,53.5398,540199205.5461483,0.0189,66,98,3,1
20260930_024351,2026-09-30T02:43:51.820606+00:00,29420,Virtuals Protocol,VIRTUAL,virtual-protocol,90,0.7789004391111941,-0.32635803,-0.17976472,4.73944573,16.48037149,41.57130228,40.90402518,145402020.07181078,-23.4956,513296768.3303703,0.018,48,19,82,1
20260930_024351,2026-09-30T02:43:51.820606+00:00,8526,Raydium,RAY,raydium,91,1.90053299461039,-0.84610978,3.80357036,2.52165737,145.98913125,213.40217016,191.3864972,63294815.60945067,-16.6976,512884680.01740915,0.018,63,76,25,1
20260930_024351,2026-09-30T02:43:51.820606+00:00,3773,Artificial Superintelligence Alliance,FET,artificial-superintelligence-alliance,92,0.22136409378956365,-0.93024919,2.660197,6.39886009,48.9736578,56.17284115,22.92042059,211159296.30630213,2.3234,511684980.8599032,0.0179,36,65,36,1
20260930_024351,2026-09-30T02:43:51.820606+00:00,38590,币安人生,币安人生,bianrensheng,93,0.508101309243373,0.44497214,4.46264131,-1.51322911,5.33941705,-19.46139737,-27.1771444,5167908.99723043,122.4245,508101309.243373,0.0178,95,80,21,1
20260930_024351,2026-09-30T02:43:51.820606+00:00,2563,TrueUSD,TUSD,trueusd,94,0.9995072505926104,0.01549817,-0.00064743,-0.02193748,0.13616458,0.42676403,0.14908516,15742061.67713202,-9.831,494271410.98590654,0.0173,87,27,74,1
20260930_024351,2026-09-30T02:43:51.820606+00:00,20641,EURC,EURC,euro-coin,95,1.1337210806635627,-0.04727128,-0.30298749,-0.86005051,-2.20244455,-1.64876381,-0.41803397,54174115.50416069,-14.6176,458852233.8396015,0.0161,65,15,86,1
20260930_024351,2026-09-30T02:43:51.820606+00:00,36645,Plasma,XPL,plasma-xpl,96,0.09647600995103504,-0.74430149,2.19112524,0.05496078,12.13354976,28.04006613,4.09808264,138572590.60934803,-8.6262,437357911.7780223,0.0153,52,60,41,1
20260930_024351,2026-09-30T02:43:51.820606+00:00,38849,Pieverse,PIEVERSE,pieverse,97,1.4138728950498787,-0.38575933,-1.22114625,-19.4760042,41.38508538,109.18270887,109.36642863,95697342.40352036,-38.1872,417590498.3508087,0.0146,57,13,88,1
20260930_024351,2026-09-30T02:43:51.820606+00:00,38482,Falcon Finance,FF,falcon-finance-ff,98,0.13157220034408748,0.33128169,12.16694637,3.49381967,42.33582317,102.68518213,107.07435045,12281687.08121259,-17.2617,413136709.0804347,0.0145,89,95,6,1
20260930_024351,2026-09-30T02:43:51.820606+00:00,22861,Celestia,TIA,celestia,99,0.442470313881428,-0.49504526,3.55037968,-11.69770418,35.8979307,36.30751844,22.90640689,53538053.09480736,9.1454,407043041.76544464,0.0143,67,72,29,1
20260930_024351,2026-09-30T02:43:51.820606+00:00,9481,Pendle,PENDLE,pendle,100,2.3229568647756786,-0.52866822,0.45936982,-6.85092244,35.10915108,62.63940276,57.68244853,34135473.26748516,-42.1011,403323935.7835233,0.0141,78,36,65,1
