hora_lima,symbol,timeframe,type,tipo_efectivo,currentLevel,touchCount,confidence,status,fallingOrRising,distance_pct,rsi_moneda_1h,rsi_moneda_15m,btc_rsi_4h,btc_rsi_1h,btc_rsi_15m,price,bias,direction_score,line_score,structure_quality,total_score
2026-09-29 18:23:29,PUMP,15m,support,support,0.005751645161290324,14,4.3,pending,rising,-3.349938476049001,,,49.87,53.34,59.57,0.005951,bullish,67.0,125.8,VERY_STRONG,84.035
2026-09-29 18:23:29,PUMP,15m,resistance,resistance,0.006033545454545458,17,4.3,near,rising,1.3870854401858244,,,49.87,53.34,59.57,0.005951,bullish,67.0,114.7,VERY_STRONG,86.46079119628352
2026-09-29 18:23:29,PUMP,1h,resistance,support,0.005736348993288591,15,7.4,near,rising,-3.6069737306571827,,,49.87,53.34,59.57,0.005951,bullish,100.0,119.8,VERY_STRONG,85.785
2026-09-29 18:23:29,PUMP,1h,support,support,0.004969676056338027,19,7.4,pending,rising,-16.490067949285372,,,49.87,53.34,59.57,0.005951,bullish,100.0,111.2,VERY_STRONG,102.14
2026-09-29 18:23:29,BICO,15m,resistance,resistance,0.021492596153846154,13,6.8,near,falling,0.1985834678142353,,,49.87,53.34,59.57,0.02145,bullish,100.0,124.2,VERY_STRONG,117.94333064371529
2026-09-29 18:23:29,BICO,15m,support,support,0.020603636363636362,9,6.8,pending,falling,-3.9457512184784993,,,49.87,53.34,59.57,0.02145,bullish,100.0,50.0,STRONG,60.35
2026-09-29 18:23:29,INJ,15m,resistance,resistance,7.757272727272728,16,5.5,near,falling,0.626186629559322,56.69,50.01,49.87,53.34,59.57,7.709,bullish,60.0,123.7,VERY_STRONG,112.75376740881356
2026-09-29 18:23:29,INJ,15m,support,support,7.511677419354839,17,5.5,pending,falling,-2.5596391314718003,56.69,50.01,49.87,53.34,59.57,7.709,bullish,60.0,90.4,VERY_STRONG,79.78
2026-09-29 18:23:29,INJ,1h,support,support,7.657901960784313,12,4.4,near,rising,-0.6628361553468198,56.69,50.01,49.87,53.34,59.57,7.709,bullish,54.0,106.8,VERY_STRONG,82.81
2026-09-29 18:23:29,INJ,1h,resistance,resistance,7.816111111111111,9,4.4,near,falling,1.3894293826840207,56.69,50.01,49.87,53.34,59.57,7.709,bullish,54.0,77.7,STRONG,85.78605925973969
2026-09-29 18:23:29,PYTH,15m,resistance,resistance,0.07982739130434784,12,6.6,near,falling,0.9578744205739658,,,49.87,53.34,59.57,0.07907,bullish,40.0,114.4,VERY_STRONG,99.6225115885207
2026-09-29 18:23:29,PYTH,15m,support,resistance,0.07933,8,6.6,near,rising,0.3288225622865769,,,49.87,53.34,59.57,0.07907,bullish,40.0,72.9,STRONG,97.09104875426847
2026-09-29 18:23:29,PYTH,1h,support,support,0.07692330275229357,9,5.7,pending,rising,-2.7149326517091534,,,49.87,53.34,59.57,0.07907,bearish,-75.0,83.2,STRONG,74.64
2026-09-29 18:23:29,GENIUS,15m,resistance,resistance,0.3209635983263598,11,6.1,near,falling,0.05099698452612691,,,49.87,53.34,59.57,0.3208,bullish,33.0,107.0,VERY_STRONG,114.20506030947747
2026-09-29 18:23:29,TRB,15m,resistance,support,20.03,16,3.6,broken,flat,-3.18994683421943,,,49.87,53.34,59.57,20.69,bullish,76.0,101.0,VERY_STRONG,44.775000000000006
2026-09-29 18:23:29,TRB,15m,support,support,19.789565217391303,7,3.6,pending,rising,-4.352028915460118,,,49.87,53.34,59.57,20.69,bullish,76.0,52.3,VALID,56.1225
2026-09-29 18:23:29,TRB,1h,support,support,19.192631578947367,13,8.2,pending,rising,-7.237160082419692,,,49.87,53.34,59.57,20.69,bullish,89.0,117.4,VERY_STRONG,93.20500000000001
2026-09-29 18:23:29,TRB,1h,resistance,support,20.365000000000002,9,8.2,retest,rising,-1.5708071532141095,,,49.87,53.34,59.57,20.69,bullish,89.0,81.8,STRONG,84.53500000000001
2026-09-29 18:23:29,MOVR,15m,support,support,1.0953999999999993,13,3.8,pending,rising,-10.87062652563066,,,49.87,53.34,59.57,1.229,bullish,48.0,100.4,VERY_STRONG,79.13
2026-09-29 18:23:29,MOVR,15m,resistance,resistance,1.2472893617021277,9,3.8,near,rising,1.4881498537125777,,,49.87,53.34,59.57,1.229,bullish,48.0,81.3,STRONG,61.93450292574845
2026-09-29 18:23:29,MOVR,1h,support,support,0.9133157894736842,16,9.1,pending,rising,-25.686266112800315,,,49.87,53.34,59.57,1.229,bullish,81.0,94.5,VERY_STRONG,99.28750000000001
2026-09-29 18:23:29,BERA,15m,resistance,resistance,0.2560246913580247,12,7.6,pending,rising,6.543775013743103,,,49.87,53.34,59.57,0.2403,bullish,89.0,99.2,VERY_STRONG,74.64
2026-09-29 18:23:29,BERA,15m,support,support,0.21155645161290323,13,7.6,pending,falling,-11.961526586390669,,,49.87,53.34,59.57,0.2403,bullish,89.0,63.7,VERY_STRONG,73.9775
2026-09-29 18:23:29,WIF,15m,resistance,resistance,0.2440103139013453,10,7.8,near,falling,0.3744606751728918,,,49.87,53.34,59.57,0.2431,bullish,100.0,97.6,STRONG,106.43078649654217
2026-09-29 18:23:29,WIF,15m,support,support,0.23550000000000015,7,7.8,pending,falling,-3.126285479226597,,,49.87,53.34,59.57,0.2431,bullish,100.0,54.0,VALID,54.650000000000006
2026-09-29 18:23:29,WIF,1h,support,support,0.2335096256684492,9,4.0,pending,rising,-3.9450326332993826,,,49.87,53.34,59.57,0.2431,bullish,67.0,83.5,STRONG,71.2625
2026-09-29 18:23:29,AVAX,15m,resistance,resistance,11.552840000000003,11,7.7,near,rising,0.6871187031549864,,,49.87,53.34,59.57,11.474,bullish,80.0,97.0,VERY_STRONG,93.93262593690028
2026-09-29 18:23:29,AVAX,1h,support,support,11.18652631578948,13,6.2,pending,rising,-2.5054356302119545,,,49.87,53.34,59.57,11.474,bullish,78.0,117.3,VERY_STRONG,89.1975
2026-09-29 18:23:29,AVAX,1h,resistance,resistance,12.04009090909091,13,6.2,pending,rising,4.933684060405352,,,49.87,53.34,59.57,11.474,bullish,78.0,100.1,VERY_STRONG,77.9075
2026-09-29 18:23:29,AAVE,15m,resistance,resistance,167.99999999999983,10,6.2,pending,rising,0.6952769120114037,,,49.87,53.34,59.57,166.84,bullish,17.0,96.0,STRONG,86.69446175977193
2026-09-29 18:23:29,AAVE,1h,resistance,resistance,174.5100884955752,14,4.3,pending,rising,4.597271934533197,,,49.87,53.34,59.57,166.84,bullish,40.0,114.0,VERY_STRONG,77.14999999999999
2026-09-29 18:23:29,AAVE,1h,support,support,165.60555555555555,8,4.3,near,rising,-0.7398971736061191,,,49.87,53.34,59.57,166.84,bullish,40.0,80.5,STRONG,68.6375
2026-09-29 18:23:29,ETH,15m,resistance,resistance,2696.9474999999993,14,5.7,near,flat,0.3911310135346129,47.87,47.15,49.87,53.34,59.57,2686.44,bullish,20.0,94.0,VERY_STRONG,101.62737972930775
2026-09-29 18:23:29,ETH,1h,support,support,2671.624409448819,11,6.7,near,rising,-0.5514953079607671,47.87,47.15,49.87,53.34,59.57,2686.44,neutral,-6.0,99.8,VERY_STRONG,84.885
2026-09-29 18:23:29,ETH,1h,resistance,resistance,2753.3076923076924,11,6.7,pending,rising,2.489081919108274,47.87,47.15,49.87,53.34,59.57,2686.44,neutral,-6.0,86.4,VERY_STRONG,73.88000000000001
2026-09-29 18:23:29,ESP,15m,resistance,resistance,0.09867682926829269,13,6.3,near,rising,0.3527196870667004,,,49.87,53.34,59.57,0.09833,bullish,38.0,92.2,VERY_STRONG,101.46060625866599
2026-09-29 18:23:29,DYDX,15m,resistance,resistance,0.14190196850393702,12,4.7,pending,rising,1.0841775922047412,,,49.87,53.34,59.57,0.14038,neutral,-12.0,91.1,VERY_STRONG,81.54894815590517
2026-09-29 18:23:29,DYDX,1h,resistance,resistance,0.1421323076923077,10,8.4,near,rising,1.2482602167742498,,,49.87,53.34,59.57,0.14038,bullish,89.0,86.0,STRONG,89.52609674838625
2026-09-29 18:23:29,CHIP,15m,resistance,support,0.04481422535211267,11,6.3,near,falling,-0.10203889408677118,,,49.87,53.34,59.57,0.04486,bullish,71.0,91.0,VERY_STRONG,79.425
2026-09-29 18:23:29,LTC,15m,resistance,resistance,67.53333333333335,13,6.0,pending,falling,0.6308051457805784,35.99,39.24,49.87,53.34,59.57,67.11,bearish,-73.0,89.7,VERY_STRONG,105.11139708438843
2026-09-29 18:23:29,LTC,15m,support,support,67.10379310344828,9,6.0,near,falling,-0.009248840041300884,35.99,39.24,49.87,53.34,59.57,67.11,bearish,-73.0,69.7,STRONG,60.2275
2026-09-29 18:23:29,MITO,15m,resistance,resistance,0.015236206896551726,9,5.2,near,falling,0.040754409400690354,,,49.87,53.34,59.57,0.01523,bullish,18.0,89.1,STRONG,104.2674118119862
2026-09-29 18:23:29,MITO,15m,support,support,0.014971463414634144,6,5.2,pending,falling,-1.6975481639255199,,,49.87,53.34,59.57,0.01523,bullish,18.0,55.4,VALID,45.555
2026-09-29 18:23:29,ASTER,15m,resistance,resistance,0.7291924528301887,11,7.6,near,falling,0.10879363401821726,,,49.87,53.34,59.57,0.7284,bullish,33.0,88.3,VERY_STRONG,114.64662731963567
2026-09-29 18:23:29,ASTER,1h,resistance,resistance,0.7369787234042553,10,3.2,pending,falling,1.1777489572014346,,,49.87,53.34,59.57,0.7284,bullish,83.0,77.1,STRONG,89.51626564197849
2026-09-29 18:23:29,BNB,15m,support,support,749.3558333333334,15,7.9,pending,falling,-1.5766741970508833,50.44,60.81,49.87,53.34,59.57,761.36,bullish,76.0,87.4,VERY_STRONG,80.355
2026-09-29 18:23:29,BNB,1h,support,support,751.845,10,5.4,pending,falling,-1.2497373121782056,50.44,60.81,49.87,53.34,59.57,761.36,bearish,-52.0,91.1,STRONG,67.6325
2026-09-29 18:23:29,SAND,15m,resistance,support,0.04380063829787234,11,3.4,near,falling,-0.4304653378669256,,,49.87,53.34,59.57,0.04399,bullish,20.0,85.6,VERY_STRONG,73.22
2026-09-29 18:23:29,LSK,15m,resistance,support,0.30053478260869565,10,6.9,near,falling,-0.22085570760437367,,,49.87,53.34,59.57,0.3012,bearish,-70.0,83.7,STRONG,76.0775
2026-09-29 18:23:29,LSK,15m,support,support,0.297106976744186,8,6.9,pending,falling,-1.3589054634176658,,,49.87,53.34,59.57,0.3012,bearish,-70.0,60.3,STRONG,58.3225
2026-09-29 18:23:29,XRP,15m,resistance,resistance,1.5037828125,12,8.4,near,falling,0.3793346572324886,,,49.87,53.34,59.57,1.4981,bearish,-56.0,81.3,VERY_STRONG,112.31080685535022
2026-09-29 18:23:29,XRP,1h,resistance,resistance,1.5653545454545454,12,6.2,pending,rising,4.489322839232726,,,49.87,53.34,59.57,1.4981,bearish,-69.0,99.2,VERY_STRONG,75.84
2026-09-29 18:23:29,XRP,1h,support,support,1.4663000000000004,9,6.2,pending,falling,-2.1226887390694618,,,49.87,53.34,59.57,1.4981,bearish,-69.0,82.6,STRONG,65.595
2026-09-29 18:23:29,ENS,15m,resistance,resistance,7.13,10,6.6,near,flat,0.4225352112676091,,,49.87,53.34,59.57,7.1,bullish,22.0,81.3,STRONG,91.84679577464782
2026-09-29 18:23:29,ENS,15m,support,support,6.911666666666668,9,6.6,pending,falling,-2.65258215962439,,,49.87,53.34,59.57,7.1,bullish,22.0,50.5,STRONG,59.987500000000004
2026-09-29 18:23:29,STRK,15m,resistance,resistance,0.042356666666666674,8,7.2,near,rising,0.1339637509850522,,,49.87,53.34,59.57,0.0423,bullish,33.0,80.7,STRONG,92.77322498029896
2026-09-29 18:23:29,AR,15m,resistance,support,4.2254444444444434,10,6.1,broken,falling,-0.8111632759520269,,,49.87,53.34,59.57,4.26,bearish,-18.0,80.0,STRONG,44.2
2026-09-29 18:23:29,AR,15m,support,support,4.172,6,6.1,pending,flat,-2.0657276995305183,,,49.87,53.34,59.57,4.26,bearish,-18.0,53.7,VALID,47.227500000000006
2026-09-29 18:23:29,AR,1h,support,support,4.149358620689655,9,6.3,pending,falling,-2.5972154767686653,,,49.87,53.34,59.57,4.26,bearish,-20.0,77.7,STRONG,65.42750000000001
2026-09-29 18:23:29,WBETH,15m,resistance,resistance,2997.4562500000015,12,5.9,pending,rising,0.7527999435306044,,,49.87,53.34,59.57,2975.06,bearish,-25.0,79.8,VERY_STRONG,89.72900112938791
2026-09-29 18:23:29,WBETH,1h,resistance,resistance,3037.254210526316,11,5.8,pending,rising,2.090519536625011,,,49.87,53.34,59.57,2975.06,neutral,13.0,88.9,VERY_STRONG,72.2675
2026-09-29 18:23:29,WBETH,1h,support,support,2952.1600000000008,10,5.8,pending,flat,-0.7697323751453478,,,49.87,53.34,59.57,2975.06,neutral,13.0,88.2,STRONG,68.215
2026-09-29 18:23:29,PLUME,15m,resistance,resistance,0.018014687499999998,10,6.7,pending,falling,1.2061095505617858,,,49.87,53.34,59.57,0.0178,bearish,-40.0,79.0,STRONG,86.20280898876429
2026-09-29 18:23:29,PLUME,15m,support,support,0.017600487804878048,10,6.7,pending,falling,-1.1208550287750125,,,49.87,53.34,59.57,0.0178,bearish,-40.0,74.6,STRONG,64.995
2026-09-29 18:23:29,PLUME,1h,support,support,0.01758962962962962,11,4.0,near,rising,-1.1818560133167308,,,49.87,53.34,59.57,0.0178,neutral,-8.0,102.5,VERY_STRONG,79.6875
2026-09-29 18:23:29,NOM,15m,support,support,0.0020979791666666664,9,3.3,pending,rising,-1.6418581028285757,,,49.87,53.34,59.57,0.002133,bullish,56.0,78.7,STRONG,65.5025
2026-09-29 18:23:29,SKY,15m,resistance,resistance,0.08381125,8,5.9,pending,rising,1.160229330114678,,,49.87,53.34,59.57,0.08285,bearish,-83.0,78.5,STRONG,69.48291339770644
2026-09-29 18:23:29,SKY,15m,support,resistance,0.08439000000000003,9,5.9,broken,rising,1.8587809293905146,,,49.87,53.34,59.57,0.08285,bearish,-83.0,48.7,STRONG,38.4525
2026-09-29 18:23:29,VIRTUAL,15m,support,support,0.763528275862069,9,5.3,pending,falling,-1.935746742606089,,,49.87,53.34,59.57,0.7786,bearish,-68.0,78.3,STRONG,59.472500000000004
2026-09-29 18:23:29,VIRTUAL,15m,resistance,resistance,0.8204192307692307,9,5.3,pending,falling,5.37108024264459,,,49.87,53.34,59.57,0.7786,bearish,-68.0,69.0,STRONG,68.775
2026-09-29 18:23:29,VIRTUAL,15m,support,resistance,0.7883333333333337,8,5.3,retest,falling,1.2501070297114958,,,49.87,53.34,59.57,0.7786,bearish,-68.0,52.7,STRONG,79.5503594057701
2026-09-29 18:23:29,VIRTUAL,1h,resistance,resistance,0.8549666666666667,12,5.8,pending,rising,9.808202757085372,,,49.87,53.34,59.57,0.7786,bearish,-24.0,90.4,VERY_STRONG,74.38
2026-09-29 18:23:29,GLMR,15m,resistance,resistance,0.007883565217391305,11,6.7,near,rising,0.7484372829559695,,,49.87,53.34,59.57,0.007825,bullish,86.0,77.6,VERY_STRONG,89.2512543408806
2026-09-29 18:23:29,GLMR,15m,support,support,0.007497666666666666,9,6.7,pending,rising,-4.1831735889243955,,,49.87,53.34,59.57,0.007825,bullish,86.0,72.2,STRONG,71.815
2026-09-29 18:23:29,GLMR,1h,support,support,0.007457222222222226,8,6.0,pending,rising,-4.700035498757497,,,49.87,53.34,59.57,0.007825,neutral,-5.0,74.3,STRONG,71.57249999999999
2026-09-29 18:23:29,NMR,15m,support,resistance,12.410416666666666,8,5.8,near,rising,0.5706374932468927,,,49.87,53.34,59.57,12.34,bearish,-43.0,77.0,STRONG,90.96225013506215
2026-09-29 18:23:29,NMR,1h,support,support,9.692554744525548,22,3.5,pending,rising,-21.45417549006849,,,49.87,53.34,59.57,12.34,bullish,41.0,90.0,VERY_STRONG,92.75
2026-09-29 18:23:29,ETC,15m,resistance,resistance,9.2225,10,5.9,pending,falling,0.792349726775954,,,49.87,53.34,59.57,9.15,bearish,-18.0,76.7,STRONG,92.70550546448091
2026-09-29 18:23:29,ETC,1h,support,support,9.100151515151516,12,5.6,near,rising,-0.5447921841364363,,,49.87,53.34,59.57,9.15,bearish,-20.0,111.3,VERY_STRONG,85.5475
2026-09-29 18:23:29,GNS,15m,resistance,support,0.48176470588235293,9,5.1,near,falling,-0.04881620698071697,,,49.87,53.34,59.57,0.482,bullish,41.0,76.4,STRONG,68.93
2026-09-29 18:23:29,GNS,15m,support,support,0.4744928571428571,7,5.1,pending,rising,-1.5574985180794354,,,49.87,53.34,59.57,0.482,bullish,41.0,58.2,VALID,59.565000000000005
2026-09-29 18:23:29,GIGGLE,15m,resistance,resistance,38.096666666666664,11,5.7,pending,falling,1.455836662228141,,,49.87,53.34,59.57,37.55,bearish,-33.0,75.6,VERY_STRONG,82.95326675543718
2026-09-29 18:23:29,GIGGLE,1h,support,support,36.9886387434555,10,3.5,pending,rising,-1.4949700573754832,,,49.87,53.34,59.57,37.55,bearish,-40.0,92.5,STRONG,73.9375
2026-09-29 18:23:29,ARB,15m,support,support,0.2039192,8,7.3,pending,falling,-1.2019379844961267,49.29,46.53,49.87,53.34,59.57,0.2064,bearish,-26.0,75.5,STRONG,60.2625
2026-09-29 18:23:29,EPIC,15m,resistance,support,0.5054722222222222,10,6.8,broken,rising,-2.191907464740291,,,49.87,53.34,59.57,0.5168,bullish,35.0,75.0,STRONG,35.225
2026-09-29 18:23:29,REZ,15m,support,support,0.00417264705882353,10,7.6,pending,falling,-3.1643755204564923,,,49.87,53.34,59.57,0.004309,bullish,48.0,74.7,STRONG,66.80250000000001
2026-09-29 18:23:29,REZ,15m,resistance,support,0.004307999999999998,7,7.6,near,falling,-0.0232072406591491,,,49.87,53.34,59.57,0.004309,bullish,48.0,49.7,VALID,63.9275
2026-09-29 18:23:29,SYRUP,15m,resistance,resistance,0.24188431372549024,8,6.3,pending,rising,1.8889274328097054,,,49.87,53.34,59.57,0.2374,neutral,-11.0,74.3,STRONG,58.1725
2026-09-29 18:23:29,SYRUP,15m,support,support,0.23722,6,6.3,near,rising,-0.0758213984835777,,,49.87,53.34,59.57,0.2374,neutral,-11.0,49.9,VALID,57.3425
2026-09-29 18:23:29,ENA,15m,support,support,0.2465739130434783,10,4.8,pending,falling,-1.606578993025411,46.47,52.94,49.87,53.34,59.57,0.2506,neutral,-11.0,74.3,STRONG,61.1725
2026-09-29 18:23:29,ENA,1h,support,support,0.24493604240282685,9,6.6,pending,rising,-2.260158658089841,46.47,52.94,49.87,53.34,59.57,0.2506,neutral,-9.0,83.5,STRONG,76.4625
2026-09-29 18:23:29,ALLO,15m,resistance,resistance,0.28811764705882353,10,6.7,near,falling,0.5295349123599136,,,49.87,53.34,59.57,0.2866,neutral,0.0,73.1,STRONG,99.29180175280173
2026-09-29 18:23:29,POL,15m,resistance,resistance,0.11876909090909091,7,6.1,pending,rising,0.626189027442948,,,49.87,53.34,59.57,0.11803,bearish,-27.0,69.7,VALID,74.90371945114104
2026-09-29 18:23:29,POL,15m,support,support,0.11776,6,6.1,near,rising,-0.2287554011691879,,,49.87,53.34,59.57,0.11803,bearish,-27.0,55.9,VALID,57.392500000000005
2026-09-29 18:23:29,RLC,15m,resistance,support,0.34110781250000005,9,5.0,near,falling,-0.2025124341720132,,,49.87,53.34,59.57,0.3418,bearish,-33.0,71.8,STRONG,68.38499999999999
2026-09-29 18:23:29,RLC,1h,support,support,0.3360009661835749,11,3.5,pending,rising,-1.6966160960869232,,,49.87,53.34,59.57,0.3418,neutral,-7.0,100.6,VERY_STRONG,78.545
2026-09-29 18:23:29,BANANA,15m,resistance,support,4.025555555555557,10,7.5,retest,falling,-0.38219362644007626,,,49.87,53.34,59.57,4.041,bullish,63.0,71.6,STRONG,91.37
2026-09-29 18:23:29,BANANA,15m,support,support,3.9588367346938775,10,7.5,pending,falling,-2.0332409132918294,,,49.87,53.34,59.57,4.041,bullish,63.0,60.3,STRONG,65.5225
2026-09-29 18:23:29,BANANA,1h,support,support,3.9192139037433154,18,5.8,pending,falling,-3.0137613525534523,,,49.87,53.34,59.57,4.041,neutral,-7.0,158.9,VERY_STRONG,91.5175
2026-09-29 18:23:29,W,15m,support,resistance,0.01376,10,4.6,broken,rising,1.4749262536873196,,,49.87,53.34,59.57,0.01356,bearish,-50.0,71.5,STRONG,46.06397492625361
2026-09-29 18:23:29,W,1h,resistance,resistance,0.01489,12,6.1,pending,rising,9.80825958702066,,,49.87,53.34,59.57,0.01356,bearish,-69.0,90.6,VERY_STRONG,74.995
2026-09-29 18:23:29,SEI,15m,support,support,0.07368636363636363,9,6.7,near,rising,-0.04562718887189459,,,49.87,53.34,59.57,0.07372,bullish,38.0,69.8,STRONG,71.63499999999999
2026-09-29 18:23:29,ARK,15m,support,resistance,0.2512170212765958,8,4.1,near,rising,0.086462659998321,,,49.87,53.34,59.57,0.251,bullish,56.0,69.6,STRONG,96.69074680003358
2026-09-29 18:23:29,ROBO,15m,resistance,resistance,0.008892360248447202,9,5.4,pending,falling,0.9348495850987755,,,49.87,53.34,59.57,0.00881,bearish,-20.0,69.4,STRONG,85.30800829802449
2026-09-29 18:23:29,SOL,15m,resistance,resistance,119.6932,10,5.4,near,falling,0.22877239993301188,52.52,57.26,49.87,53.34,59.57,119.42,bullish,33.0,69.3,STRONG,102.42205200133976
2026-09-29 18:23:29,SOL,1h,support,support,116.36242424242424,8,5.5,pending,flat,-2.5603548464040884,52.52,57.26,49.87,53.34,59.57,119.42,neutral,0.0,74.4,STRONG,60.58
2026-09-29 18:23:29,PEOPLE,15m,support,support,0.0092576,9,3.9,pending,falling,-1.5148936170212857,,,49.87,53.34,59.57,0.0094,bullish,37.0,68.3,STRONG,55.9225
2026-09-29 18:23:29,PEOPLE,1h,support,support,0.00931448717948718,12,5.1,near,rising,-0.9097108565193647,,,49.87,53.34,59.57,0.0094,neutral,13.0,111.5,VERY_STRONG,84.5625
2026-09-29 18:23:29,TWT,15m,resistance,resistance,0.6045857142857143,9,7.1,pending,rising,1.1520351824852388,,,49.87,53.34,59.57,0.5977,bullish,17.0,68.2,STRONG,74.27429635029522
2026-09-29 18:23:29,TWT,1h,resistance,resistance,0.6019076923076923,10,7.4,near,rising,0.7039806437497482,,,49.87,53.34,59.57,0.5977,bullish,68.0,86.0,STRONG,95.69029034375377
2026-09-29 18:23:29,DODO,15m,support,support,0.01818797101449275,9,5.7,pending,falling,-1.044771411900158,,,49.87,53.34,59.57,0.01838,bullish,50.0,67.8,STRONG,59.485
2026-09-29 18:23:29,DODO,1h,support,support,0.018289824561403507,14,3.5,near,rising,-0.4906171849646018,,,49.87,53.34,59.57,0.01838,bearish,-47.0,91.6,VERY_STRONG,83.87
2026-09-30 05:27:04,ARK,15m,support,support,0.25077735849056604,17,8.1,pending,rising,-15.818275095479677,,,50.11,55.07,65.71,0.2979,bullish,87.0,137.2,VERY_STRONG,98.49000000000001
2026-09-30 05:27:04,ARK,15m,resistance,resistance,0.30379290780141843,8,8.1,near,rising,1.9781496480088736,,,50.11,55.07,65.71,0.2979,bullish,87.0,79.0,STRONG,62.125
2026-09-30 05:27:04,INJ,15m,support,support,7.484709677419355,19,4.9,pending,falling,-2.083860839621209,50.83,47.49,50.11,55.07,65.71,7.644,neutral,-11.0,135.8,VERY_STRONG,84.985
2026-09-30 05:27:04,INJ,15m,resistance,resistance,7.8742,10,4.9,pending,rising,3.0115122972265826,50.83,47.49,50.11,55.07,65.71,7.644,neutral,-11.0,63.2,STRONG,60.54
2026-09-30 05:27:04,INJ,1h,support,support,7.530840707964602,11,6.8,near,rising,-1.4803675043877302,50.83,47.49,50.11,55.07,65.71,7.644,bullish,25.0,72.9,VERY_STRONG,83.0675
2026-09-30 05:27:04,INJ,1h,resistance,resistance,7.793116666666667,10,6.8,pending,falling,1.9507674864817766,50.83,47.49,50.11,55.07,65.71,7.644,bullish,25.0,72.1,STRONG,84.74598770277336
2026-09-30 05:27:04,CHIP,15m,resistance,support,0.044439999999999986,17,6.7,near,falling,-0.2916760152569263,,,50.11,55.07,65.71,0.04457,neutral,-6.0,135.3,VERY_STRONG,95.54750000000001
2026-09-30 05:27:04,CHIP,15m,support,support,0.043179999999999996,14,6.7,pending,falling,-3.118689701593005,,,50.11,55.07,65.71,0.04457,neutral,-6.0,99.4,VERY_STRONG,76.855
2026-09-30 05:27:04,SCR,15m,support,support,0.023245294117647055,18,6.4,pending,falling,-6.570361263476466,,,50.11,55.07,65.71,0.02488,bullish,84.0,128.8,VERY_STRONG,86.46
2026-09-30 05:27:04,SCR,15m,resistance,resistance,0.025275084745762715,9,6.4,near,rising,1.5879611967954819,,,50.11,55.07,65.71,0.02488,bullish,84.0,79.8,STRONG,61.785
2026-09-30 05:27:04,SCR,1h,support,support,0.023349039301310045,11,8.0,pending,rising,-6.153379014027148,,,50.11,55.07,65.71,0.02488,bullish,50.0,75.3,VERY_STRONG,85.6475
2026-09-30 05:27:04,LSK,15m,support,support,0.2926378378378378,14,7.9,pending,falling,-3.003699755439911,,,50.11,55.07,65.71,0.3017,bearish,-30.0,114.3,VERY_STRONG,80.3725
2026-09-30 05:27:04,LSK,15m,resistance,resistance,0.3024466666666667,11,7.9,near,falling,0.24748646558391554,,,50.11,55.07,65.71,0.3017,bearish,-30.0,105.9,VERY_STRONG,113.79277068832168
2026-09-30 05:27:04,LSK,1h,support,support,0.2877636363636366,7,5.4,pending,falling,-4.619278633199673,,,50.11,55.07,65.71,0.3017,bearish,-22.0,64.4,VALID,54.629999999999995
2026-09-30 05:27:04,LTC,15m,resistance,support,66.72666666666667,15,5.3,broken,falling,-0.7191390170113378,46.63,59.09,50.11,55.07,65.71,67.21,neutral,9.0,114.1,VERY_STRONG,57.1575
2026-09-30 05:27:04,LTC,15m,support,support,66.17933333333333,9,5.3,pending,falling,-1.5335019590338663,46.63,59.09,50.11,55.07,65.71,67.21,neutral,9.0,69.4,STRONG,58.805
2026-09-30 05:27:04,XRP,15m,resistance,support,1.4960140625,15,5.6,broken,falling,-0.8277055021544537,,,50.11,55.07,65.71,1.5085,bullish,45.0,111.2,VERY_STRONG,57.540000000000006
2026-09-30 05:27:04,XRP,15m,support,support,1.48906,10,5.6,pending,falling,-1.2886973815047995,,,50.11,55.07,65.71,1.5085,bullish,45.0,75.0,STRONG,62.825
2026-09-30 05:27:04,ARKM,15m,support,support,0.12882000000000002,15,7.6,pending,falling,-4.577777777777771,,,50.11,55.07,65.71,0.135,neutral,7.0,108.8,VERY_STRONG,81.36
2026-09-30 05:27:04,ARKM,15m,resistance,support,0.13228235294117646,10,7.6,broken,falling,-2.0130718954248494,,,50.11,55.07,65.71,0.135,neutral,7.0,64.4,STRONG,46.03
2026-09-30 05:27:04,ARKM,1h,support,support,0.13033829787234044,14,7.1,pending,rising,-3.4531126871552345,,,50.11,55.07,65.71,0.135,neutral,-6.0,121.6,VERY_STRONG,93.32000000000001
2026-09-30 05:27:04,ADA,15m,resistance,support,0.24582222222222233,13,8.4,retest,falling,-0.6377436450192716,,,50.11,55.07,65.71,0.2474,bullish,54.0,108.6,VERY_STRONG,103.945
2026-09-30 05:27:04,ADA,15m,support,support,0.2416818181818182,8,8.4,pending,falling,-2.311310354964356,,,50.11,55.07,65.71,0.2474,bullish,54.0,61.5,STRONG,61.412499999999994
2026-09-30 05:27:04,ADA,1h,support,support,0.24274794520547943,8,4.5,pending,rising,-1.8803778474214132,,,50.11,55.07,65.71,0.2474,bullish,27.0,66.9,STRONG,68.0175
2026-09-30 05:27:04,DOGE,15m,resistance,support,0.09399451612903226,13,6.6,near,falling,-0.6820412837782593,55.12,63.16,50.11,55.07,65.71,0.09464,neutral,-9.0,105.9,VERY_STRONG,85.1425
2026-09-30 05:27:04,COMP,15m,resistance,resistance,25.7195,11,4.9,pending,rising,2.5498405103668333,,,50.11,55.07,65.71,25.08,bearish,-20.0,104.4,VERY_STRONG,67.63
2026-09-30 05:27:04,COMP,1h,resistance,resistance,26.999999999999925,15,6.9,pending,rising,7.655502392344207,,,50.11,55.07,65.71,25.08,bullish,26.0,121.5,VERY_STRONG,84.9125
2026-09-30 05:27:04,COMP,1h,support,resistance,25.228387096774192,13,6.9,near,rising,0.5916550908061946,,,50.11,55.07,65.71,25.08,bullish,26.0,102.4,VERY_STRONG,115.60517363790709
2026-09-30 05:27:04,KAVA,15m,resistance,resistance,0.06870965811965811,11,5.5,pending,flat,0.6882446067674598,,,50.11,55.07,65.71,0.06824,bearish,-44.0,104.0,VERY_STRONG,90.0351078646508
2026-09-30 05:27:04,KAVA,15m,support,resistance,0.06835645161290327,12,5.5,near,rising,0.17065007752531264,,,50.11,55.07,65.71,0.06824,bearish,-44.0,90.1,VERY_STRONG,111.34449844949374
2026-09-30 05:27:04,AUDIO,15m,support,support,0.015456071428571428,11,6.7,near,rising,-0.2834101382488484,,,50.11,55.07,65.71,0.0155,bullish,61.0,103.3,VERY_STRONG,81.1475
2026-09-30 05:27:04,AUDIO,15m,resistance,resistance,0.016121794871794874,8,6.7,pending,falling,4.011579818031447,,,50.11,55.07,65.71,0.0155,bullish,61.0,62.6,STRONG,68.095
2026-09-30 05:27:04,AGLD,15m,support,support,0.20548333333333332,14,6.4,pending,falling,-1.5884418901660393,,,50.11,55.07,65.71,0.2088,bullish,69.0,102.0,VERY_STRONG,76.45
2026-09-30 05:27:04,MOVR,15m,support,support,1.0432334801762115,25,7.9,pending,rising,-42.426408378796275,,,50.11,55.07,65.71,1.812,bullish,75.0,101.8,VERY_STRONG,98.435
2026-09-30 05:27:04,MOVR,1h,support,support,0.96112,19,8.1,pending,rising,-46.95805739514349,,,50.11,55.07,65.71,1.812,bullish,65.0,89.6,VERY_STRONG,101.92
2026-09-30 05:27:04,MOVR,1h,resistance,support,1.1044136690647481,18,8.1,broken,rising,-39.050018263534874,,,50.11,55.07,65.71,1.812,bullish,65.0,68.0,VERY_STRONG,59.300000000000004
2026-09-30 05:27:04,TUT,15m,resistance,support,0.024019726027397263,12,8.2,retest,falling,-0.7859313201269545,,,50.11,55.07,65.71,0.02421,bullish,67.0,101.5,VERY_STRONG,101.0125
2026-09-30 05:27:04,BTC,15m,support,support,82839.35999999991,11,6.6,pending,falling,-1.1000259668163033,55.07,65.71,50.11,55.07,65.71,83760.75,neutral,13.0,101.1,VERY_STRONG,70.7825
2026-09-30 05:27:04,BTC,15m,resistance,support,83535.71460674157,8,6.6,near,falling,-0.2686644917320174,55.07,65.71,50.11,55.07,65.71,83760.75,neutral,13.0,68.3,STRONG,68.3225
2026-09-30 05:27:04,TOWNS,15m,resistance,resistance,0.0022852914798206277,12,5.9,pending,rising,5.653790098041042,,,50.11,55.07,65.71,0.002163,bullish,66.0,99.2,VERY_STRONG,71.24
2026-09-30 05:27:04,TOWNS,1h,support,support,0.002005152,9,5.5,pending,rising,-7.297642163661577,,,50.11,55.07,65.71,0.002163,bullish,47.0,61.3,STRONG,72.5975
2026-09-30 05:27:04,HEI,15m,support,support,0.1330666666666666,12,6.6,pending,falling,-2.300538423886474,,,50.11,55.07,65.71,0.1362,neutral,-14.0,98.8,VERY_STRONG,72.61
2026-09-30 05:27:04,HEI,15m,resistance,support,0.13580000000000003,11,6.6,near,falling,-0.29368575624079,,,50.11,55.07,65.71,0.1362,neutral,-14.0,90.5,VERY_STRONG,79.9875
2026-09-30 05:27:04,CETUS,15m,resistance,resistance,0.0283175,12,5.8,near,falling,0.23893805309733845,,,50.11,55.07,65.71,0.02825,neutral,-12.0,98.5,VERY_STRONG,111.20873893805323
2026-09-30 05:27:04,ETC,15m,resistance,support,9.13666666666667,12,5.6,near,falling,-0.14571948998174958,,,50.11,55.07,65.71,9.15,bearish,-23.0,98.4,VERY_STRONG,80.58
2026-09-30 05:27:04,ETC,15m,support,support,8.981111111111112,7,5.6,pending,falling,-1.8457802064359412,,,50.11,55.07,65.71,9.15,bearish,-23.0,64.7,VALID,51.0525
2026-09-30 05:27:04,ETC,1h,support,support,9.086432432432431,11,5.4,near,rising,-0.6947275143996597,,,50.11,55.07,65.71,9.15,neutral,0.0,75.5,VERY_STRONG,80.46249999999999
2026-09-30 05:27:04,EIGEN,15m,support,support,0.24812000000000006,11,6.5,pending,rising,-1.186778176025459,,,50.11,55.07,65.71,0.2511,bullish,23.0,97.5,VERY_STRONG,80.3125
2026-09-30 05:27:04,EIGEN,15m,resistance,support,0.24855294117647056,7,6.5,retest,falling,-1.0143603438986182,,,50.11,55.07,65.71,0.2511,bullish,23.0,62.0,VALID,77.65
2026-09-30 05:27:04,EIGEN,1h,support,support,0.24890355329949237,10,6.6,near,rising,-0.8747298687804121,,,50.11,55.07,65.71,0.2511,bearish,-43.0,69.4,STRONG,78.405
2026-09-30 05:27:04,DODO,15m,support,support,0.01845474576271187,14,5.6,near,rising,-0.19066650777787222,,,50.11,55.07,65.71,0.01849,bearish,-29.0,96.3,VERY_STRONG,84.4225
2026-09-30 05:27:04,DODO,1h,support,support,0.018470434782608673,17,7.0,failed,rising,-0.10581512921214889,,,50.11,55.07,65.71,0.01849,neutral,0.0,82.9,VERY_STRONG,96.2175
2026-09-30 05:27:04,ONDO,15m,support,support,0.49364000000000147,11,5.7,pending,falling,-2.5004937783919625,,,50.11,55.07,65.71,0.5063,neutral,-4.0,94.7,VERY_STRONG,68.5025
2026-09-30 05:27:04,ONDO,15m,resistance,resistance,0.5067999999999999,11,5.7,near,falling,0.09875567845150009,,,50.11,55.07,65.71,0.5063,neutral,-4.0,73.8,VERY_STRONG,109.95988643096999
2026-09-30 05:27:04,ONDO,1h,support,support,0.5049266666666666,9,6.1,near,rising,-0.2712489301468176,,,50.11,55.07,65.71,0.5063,neutral,7.0,83.5,STRONG,75.4625
2026-09-30 05:27:04,GNS,15m,support,support,0.5026857142857143,17,7.0,near,rising,-4.974345125573863,,,50.11,55.07,65.71,0.529,bullish,40.0,93.9,VERY_STRONG,93.0425
2026-09-30 05:27:04,GNS,15m,resistance,resistance,0.6444878048780489,10,7.0,pending,rising,21.83134307713589,,,50.11,55.07,65.71,0.529,bullish,40.0,79.3,STRONG,65.9475
2026-09-30 05:27:04,NMR,15m,support,resistance,11.596770186335405,11,6.2,near,rising,1.1052326620349127,,,50.11,55.07,65.71,11.47,bearish,-24.0,93.7,VERY_STRONG,92.32284675930175
2026-09-30 05:27:04,NMR,1h,support,support,9.816164383561645,18,6.1,pending,rising,-14.418793517335269,,,50.11,55.07,65.71,11.47,bearish,-67.0,63.4,VERY_STRONG,94.955
2026-09-30 05:27:04,WBTC,15m,support,support,82862.166,10,6.4,pending,falling,-1.1103775537165752,,,50.11,55.07,65.71,83792.58,bullish,38.0,92.8,STRONG,65.75999999999999
2026-09-30 05:27:04,WBTC,15m,resistance,support,83504.44333333337,8,6.4,broken,falling,-0.3438689519604588,,,50.11,55.07,65.71,83792.58,bullish,38.0,63.2,STRONG,37.54
2026-09-30 05:27:04,WBETH,15m,support,support,2951.3969999999995,13,4.1,pending,flat,-0.9561762346932401,,,50.11,55.07,65.71,2979.89,bullish,33.0,92.8,VERY_STRONG,69.16
2026-09-30 05:27:04,WBETH,15m,resistance,support,2964.683943661972,11,4.1,broken,falling,-0.5102891830915837,,,50.11,55.07,65.71,2979.89,bullish,33.0,85.5,VERY_STRONG,44.6125
2026-09-30 05:27:04,WBETH,1h,resistance,support,2967.967142857144,9,5.8,near,falling,-0.4001106464619741,,,50.11,55.07,65.71,2979.89,bullish,30.0,85.7,STRONG,75.0275
2026-09-30 05:27:04,WIN,15m,support,support,4.687225225225226e-05,10,6.7,pending,rising,-0.8204565123735537,,,50.11,55.07,65.71,4.726e-05,neutral,0.0,92.4,STRONG,76.33
2026-09-30 05:27:04,GNO,15m,resistance,resistance,122.04411764705883,10,6.4,pending,rising,2.3860047374654556,,,50.11,55.07,65.71,119.2,neutral,11.0,91.6,STRONG,65.67
2026-09-30 05:27:04,GNO,15m,support,support,118.360253164557,10,6.4,near,rising,-0.7044856002038665,,,50.11,55.07,65.71,119.2,neutral,11.0,63.9,STRONG,73.5925
2026-09-30 05:27:04,GNO,1h,resistance,resistance,123.8185,11,6.8,pending,rising,3.8745805369127493,,,50.11,55.07,65.71,119.2,neutral,-9.0,70.2,VERY_STRONG,72.865
2026-09-30 05:27:04,GNO,1h,support,support,117.07516129032257,8,6.8,pending,falling,-1.7825828101320753,,,50.11,55.07,65.71,119.2,neutral,-9.0,62.0,STRONG,62.25
2026-09-30 05:27:04,BERA,15m,resistance,resistance,0.2583604938271605,12,5.0,pending,rising,3.5928202995831855,,,50.11,55.07,65.71,0.2494,bullish,24.0,90.9,VERY_STRONG,68.8175
2026-09-30 05:27:04,BERA,15m,support,resistance,0.25228823529411765,8,5.0,near,rising,1.1580734940327329,,,50.11,55.07,65.71,0.2494,bullish,24.0,62.0,STRONG,76.48853011934534
2026-09-30 05:27:04,BERA,1h,resistance,resistance,0.26272352941176474,18,7.4,pending,rising,5.342233124203983,,,50.11,55.07,65.71,0.2494,bullish,66.0,164.0,VERY_STRONG,95.1
2026-09-30 05:27:04,BERA,1h,support,support,0.233875,21,7.4,pending,rising,-6.224939855653573,,,50.11,55.07,65.71,0.2494,bullish,66.0,75.3,VERY_STRONG,99.44749999999999
2026-09-30 05:27:04,SEI,15m,resistance,resistance,0.07451111111111111,11,6.3,near,falling,0.2301736765013559,,,50.11,55.07,65.71,0.07434,bullish,23.0,90.8,VERY_STRONG,109.80652646997288
2026-09-30 05:27:04,MEGA,15m,resistance,support,0.042559023255813955,14,3.9,broken,falling,-0.9564271449524006,,,50.11,55.07,65.71,0.04297,bullish,38.0,88.9,VERY_STRONG,50.4675
2026-09-30 05:27:04,MEGA,1h,resistance,support,0.04278141025641025,9,7.0,near,falling,-0.43888699927798047,,,50.11,55.07,65.71,0.04297,bullish,33.0,79.8,STRONG,76.985
2026-09-30 05:27:04,JTO,15m,resistance,resistance,0.5668197183098591,11,7.6,pending,falling,2.0745035674156482,,,50.11,55.07,65.71,0.5553,bearish,-71.0,88.8,VERY_STRONG,81.86
2026-09-30 05:27:04,BB,15m,support,support,0.00923642857142857,12,5.2,pending,falling,-3.8873197562063444,,,50.11,55.07,65.71,0.00961,bullish,49.0,88.4,VERY_STRONG,69.03
2026-09-30 05:27:04,APT,15m,support,support,0.7743500000000001,12,7.8,pending,falling,-3.23044238940264,,,50.11,55.07,65.71,0.8002,bullish,47.0,88.2,VERY_STRONG,74.21499999999999
2026-09-30 05:27:04,APT,15m,resistance,support,0.7965303030303027,10,7.8,retest,falling,-0.45859747184420424,,,50.11,55.07,65.71,0.8002,bullish,47.0,63.6,STRONG,91.36999999999999
2026-09-30 05:27:04,API3,15m,support,support,0.2806225806451614,12,7.3,pending,rising,-2.9994536311229254,,,50.11,55.07,65.71,0.2893,bullish,44.0,88.2,VERY_STRONG,83.21499999999999
2026-09-30 05:27:04,API3,1h,resistance,resistance,0.3001509433962264,10,7.3,pending,rising,3.7507581736005484,,,50.11,55.07,65.71,0.2893,bullish,29.0,81.5,STRONG,70.71249999999999
2026-09-30 05:27:04,API3,1h,support,support,0.2849368421052632,11,7.3,near,rising,-1.5081776338530215,,,50.11,55.07,65.71,0.2893,bullish,29.0,73.7,VERY_STRONG,84.1275
2026-09-30 05:27:04,ASTR,15m,support,support,0.007202531914893617,12,5.2,pending,falling,-2.852280619185086,,,50.11,55.07,65.71,0.007414,bullish,19.0,88.2,VERY_STRONG,69.015
2026-09-30 05:27:04,ASTR,15m,resistance,resistance,0.007428555555555557,12,5.2,near,falling,0.19632527050927415,,,50.11,55.07,65.71,0.007414,bullish,19.0,77.5,VERY_STRONG,109.28599458981452
2026-09-30 05:27:04,ASTR,1h,support,support,0.007395459259259259,11,5.8,failed,rising,-0.2500774310863299,,,50.11,55.07,65.71,0.007414,bullish,25.0,70.6,VERY_STRONG,80.895
2026-09-30 05:27:04,ASTR,1h,resistance,resistance,0.007508250000000002,8,5.8,near,rising,1.2712435932020816,,,50.11,55.07,65.71,0.007414,bullish,25.0,66.6,STRONG,76.52634610196878
2026-09-30 05:27:04,ASTR,1h,support,resistance,0.007473999999999998,8,5.8,retest,rising,0.8092797410304617,,,50.11,55.07,65.71,0.007414,bullish,25.0,58.8,STRONG,107.87080388454307
2026-09-30 05:27:04,PLUME,15m,support,support,0.017317142857142885,12,4.5,pending,falling,-5.0074445576363935,,,50.11,55.07,65.71,0.01823,bullish,76.0,88.2,VERY_STRONG,67.615
2026-09-30 05:27:04,PLUME,15m,resistance,support,0.017808437499999996,11,4.5,broken,falling,-2.312465715853009,,,50.11,55.07,65.71,0.01823,bullish,76.0,67.4,VERY_STRONG,44.055
2026-09-30 05:27:04,PLUME,1h,support,support,0.0175975,10,3.6,pending,rising,-3.469555677454751,,,50.11,55.07,65.71,0.01823,bullish,43.0,79.0,STRONG,73.125
2026-09-30 05:27:04,PLUME,1h,resistance,support,0.017912222222222222,7,3.6,near,falling,-1.7431584079965878,,,50.11,55.07,65.71,0.01823,bullish,43.0,62.0,VALID,60.85
2026-09-30 05:27:04,LINEA,15m,support,support,0.002896704545454545,10,8.1,pending,rising,-1.3384010403765196,,,50.11,55.07,65.71,0.002936,neutral,0.0,88.1,STRONG,78.8075
2026-09-30 05:27:04,LINEA,1h,resistance,support,0.002926958333333333,8,7.1,near,falling,-0.3079586739327911,,,50.11,55.07,65.71,0.002936,bullish,38.0,69.7,STRONG,73.42750000000001
2026-09-30 05:27:04,SPK,15m,support,support,0.02315296551724138,12,7.2,pending,falling,-4.677156254924543,,,50.11,55.07,65.71,0.024289,bullish,63.0,88.0,VERY_STRONG,73.0
2026-09-30 05:27:04,ESP,15m,resistance,support,0.09879487804878048,14,6.8,broken,rising,-1.7064192132320366,,,50.11,55.07,65.71,0.10051,bullish,61.0,86.9,VERY_STRONG,46.1175
2026-09-30 05:27:04,QNT,15m,resistance,resistance,301.0525,10,7.1,pending,rising,2.9978788189811447,,,50.11,55.07,65.71,292.29,bullish,50.0,86.2,STRONG,66.665
2026-09-30 05:27:04,QNT,15m,support,support,285.8463934426229,7,7.1,near,rising,-2.204525148782753,,,50.11,55.07,65.71,292.29,bullish,50.0,60.6,VALID,63.745000000000005
2026-09-30 05:27:04,MMT,15m,resistance,support,0.1885,10,4.5,near,rising,-0.2645502645502648,,,50.11,55.07,65.71,0.189,bullish,52.0,86.2,STRONG,61.465
2026-09-30 05:27:04,MMT,15m,support,support,0.18193125,9,4.5,pending,rising,-3.7400793650793718,,,50.11,55.07,65.71,0.189,bullish,52.0,67.6,STRONG,67.07
2026-09-30 05:27:04,MMT,1h,support,support,0.17903076923076922,11,7.0,pending,rising,-5.2747252747252835,,,50.11,55.07,65.71,0.189,bullish,55.0,96.8,VERY_STRONG,85.26
2026-09-30 05:27:04,MMT,1h,resistance,support,0.18827142857142856,8,7.0,near,rising,-0.385487528344677,,,50.11,55.07,65.71,0.189,bullish,55.0,61.1,STRONG,62.582499999999996
2026-09-30 05:27:04,GIGGLE,15m,support,support,36.50884615384616,12,6.0,pending,falling,-3.082436544077102,,,50.11,55.07,65.71,37.67,bullish,27.0,86.1,VERY_STRONG,70.4575
2026-09-30 05:27:04,GIGGLE,1h,resistance,resistance,37.68325581395349,10,6.5,near,falling,0.03518931232674562,,,50.11,55.07,65.71,37.67,neutral,7.0,85.2,STRONG,113.86216031509882
2026-09-30 05:27:04,ENA,15m,support,support,0.24173333333333333,16,7.6,pending,falling,-6.846499678869626,62.64,64.47,50.11,55.07,65.71,0.2595,bullish,89.0,85.0,VERY_STRONG,81.575
2026-09-30 05:27:04,ENA,15m,resistance,support,0.24939999999999996,13,7.6,broken,falling,-3.892100192678248,62.64,64.47,50.11,55.07,65.71,0.2595,bullish,89.0,78.8,VERY_STRONG,55.11
2026-09-30 05:27:04,ENA,1h,support,support,0.24556129032258062,8,6.1,pending,rising,-5.371371744670285,62.64,64.47,50.11,55.07,65.71,0.2595,neutral,14.0,72.5,STRONG,71.6375
2026-09-30 05:27:04,WCT,15m,resistance,support,0.04199411764705882,10,7.5,retest,falling,-0.6291584310013685,,,50.11,55.07,65.71,0.04226,bullish,38.0,84.0,STRONG,92.3
2026-09-30 05:27:04,WCT,15m,support,support,0.04137818181818182,9,7.5,pending,rising,-2.08664974400894,,,50.11,55.07,65.71,0.04226,bullish,38.0,67.1,STRONG,73.0325
2026-09-30 05:27:04,WCT,1h,resistance,resistance,0.04229290322580645,10,6.8,near,rising,0.0778590293574319,,,50.11,55.07,65.71,0.04226,bullish,47.0,86.1,STRONG,103.8896145596385
2026-09-30 05:27:04,MARSCOIN,15m,support,support,0.14091694915254238,9,7.2,near,rising,-1.5255421715287378,,,50.11,55.07,65.71,0.1431,bearish,-37.0,83.6,STRONG,73.67
2026-09-30 05:27:04,MARSCOIN,15m,resistance,resistance,0.14411428571428575,7,7.2,near,falling,0.7087950484177116,,,50.11,55.07,65.71,0.1431,bearish,-37.0,60.7,VALID,84.77659903164576
2026-09-30 05:27:04,KMNO,15m,resistance,support,0.04316225961538462,10,6.4,near,falling,-0.20286794130723027,,,50.11,55.07,65.71,0.04325,bearish,-60.0,83.3,STRONG,75.0475
2026-09-30 05:27:04,KMNO,15m,support,support,0.04285941176470588,7,6.4,pending,flat,-0.9030941856511326,,,50.11,55.07,65.71,0.04325,bearish,-60.0,64.8,VALID,52.66
2026-09-30 05:27:04,KMNO,1h,support,support,0.04321190476190476,11,6.0,near,rising,-0.08808147536471642,,,50.11,55.07,65.71,0.04325,neutral,-12.0,105.7,VERY_STRONG,83.9275
2026-09-30 05:27:04,CRV,15m,resistance,support,0.39792307692307693,13,8.7,broken,rising,-0.7177951788730177,,,50.11,55.07,65.71,0.4008,bullish,82.0,82.9,VERY_STRONG,47.6175
2026-09-30 05:27:04,CRV,1h,support,support,0.3802999999999998,7,6.5,pending,rising,-5.114770459081883,,,50.11,55.07,65.71,0.4008,bullish,68.0,59.0,VALID,66.425
2026-09-30 05:27:04,FTT,15m,resistance,support,0.24975421686746985,15,4.0,broken,falling,-2.667881189606449,,,50.11,55.07,65.71,0.2566,bullish,65.0,82.9,VERY_STRONG,52.2175
2026-09-30 05:27:04,FTT,1h,support,support,0.24844705882352944,8,9.4,pending,rising,-3.177295859887201,,,50.11,55.07,65.71,0.2566,bullish,71.0,60.3,STRONG,77.32249999999999
2026-09-30 05:27:04,ENJ,15m,resistance,support,0.029466666666666665,11,8.4,broken,falling,-1.2511170688114381,,,50.11,55.07,65.71,0.02984,bullish,69.0,82.7,VERY_STRONG,53.0025
2026-09-30 05:27:04,ENJ,15m,support,support,0.029081304347826083,10,8.4,pending,rising,-2.542545751253069,,,50.11,55.07,65.71,0.02984,bullish,69.0,74.9,STRONG,78.4175
2026-09-30 05:27:04,ENJ,1h,support,support,0.029163423423423422,9,5.1,pending,rising,-2.267347776731154,,,50.11,55.07,65.71,0.02984,bullish,78.0,61.1,STRONG,71.7825
2026-09-30 05:27:04,WIF,15m,resistance,support,0.2471225352112676,13,4.2,broken,flat,-1.7795964979063592,,,50.11,55.07,65.71,0.2516,bullish,69.0,82.7,VERY_STRONG,38.6025
2026-09-30 05:27:04,WIF,1h,support,support,0.23466164383561644,11,6.7,pending,rising,-6.732256027179472,,,50.11,55.07,65.71,0.2516,bullish,47.0,73.2,VERY_STRONG,82.89
2026-09-30 05:27:04,WIF,1h,resistance,support,0.2478822580645161,8,6.7,near,falling,-1.4776398789681564,,,50.11,55.07,65.71,0.2516,bullish,47.0,71.9,STRONG,72.79249999999999
2026-09-30 05:27:04,ALLO,15m,resistance,resistance,0.29001046511627904,10,7.6,pending,flat,1.0137461220059265,,,50.11,55.07,65.71,0.2871,bullish,41.0,81.7,STRONG,82.05257755988147
2026-09-30 05:27:04,AERO,15m,resistance,resistance,0.8154882352941176,10,5.5,pending,falling,1.1144743080121053,,,50.11,55.07,65.71,0.8065,neutral,7.0,81.7,STRONG,85.83801383975789
2026-09-30 05:27:04,AERO,1h,support,support,0.7904999999999984,10,4.9,pending,rising,-1.983880967142166,,,50.11,55.07,65.71,0.8065,bearish,-17.0,67.2,STRONG,74.84
